AdaDate, AdaOpen , AdaHigh , AdaLow , AdaClose ,AgcDate, AgcOpen , AgcHigh , AgcLow , AgcClose ,AlkDate, AlkOpen , AlkHigh , AlkLow , AlkClose ,GmmDate, GmmOpen , GmmHigh , GmmLow , GmmClose ,IolDate, IolOpen , IolHigh , IolLow , IolClose 
22-05-2019, 44.20 , 44.25 , 42.45 , 43.95 ,22-05-2019, 101.75 , 101.95 , 99.95 , 101.45 ,22-05-2019, 795.00 , 801.00 , 770.00 , 786.67 ,22-05-2019," 1,150.00 "," 1,226.00 "," 1,150.00 "," 1,214.00 ",22-05-2019, 182.95 , 182.95 , 178.05 , 179.90 
23-05-2019, 46.00 , 47.40 , 43.05 , 43.40 ,23-05-2019, 101.90 , 103.85 , 98.05 , 98.80 ,23-05-2019, 801.00 , 822.10 , 780.30 , 777.13 ,23-05-2019," 1,219.00 "," 1,249.90 "," 1,212.25 "," 1,230.43 ",23-05-2019, 184.00 , 191.85 , 181.50 , 185.60 
24-05-2019, 44.00 , 44.30 , 41.50 , 42.30 ,24-05-2019, 99.00 , 108.60 , 99.00 , 107.25 ,24-05-2019, 802.95 , 805.00 , 789.00 , 781.16 ,24-05-2019," 1,240.00 "," 1,290.05 "," 1,228.00 "," 1,269.47 ",24-05-2019, 187.35 , 209.00 , 187.00 , 207.85 
27-05-2019, 42.55 , 44.00 , 42.30 , 43.15 ,27-05-2019, 116.40 , 117.70 , 110.00 , 115.00 ,27-05-2019, 790.45 , 806.05 , 789.75 , 784.21 ,27-05-2019," 1,275.00 "," 1,306.90 "," 1,255.10 "," 1,293.27 ",27-05-2019, 211.00 , 227.50 , 211.00 , 225.00 
28-05-2019, 43.50 , 46.60 , 43.05 , 45.00 ,28-05-2019, 113.15 , 115.40 , 110.00 , 110.75 ,28-05-2019, 818.95 , 818.95 , 790.60 , 781.95 ,28-05-2019," 1,305.00 "," 1,372.00 "," 1,289.85 "," 1,354.26 ",28-05-2019, 229.00 , 232.65 , 223.10 , 231.30 
29-05-2019, 45.20 , 46.00 , 44.20 , 44.70 ,29-05-2019, 110.55 , 116.55 , 110.00 , 111.95 ,29-05-2019, 792.40 , 810.55 , 790.70 , 787.06 ,29-05-2019," 1,375.90 "," 1,397.00 "," 1,344.70 "," 1,359.64 ",29-05-2019, 232.00 , 233.30 , 221.10 , 227.75 
30-05-2019, 44.90 , 45.20 , 44.25 , 44.60 ,30-05-2019, 112.10 , 122.90 , 110.00 , 112.15 ,30-05-2019, 875.00 , 875.00 , 796.05 , 809.82 ,30-05-2019," 1,365.35 "," 1,393.00 "," 1,340.00 "," 1,357.00 ",30-05-2019, 234.70 , 235.00 , 216.50 , 219.10 
31-05-2019, 44.80 , 45.00 , 41.95 , 43.30 ,31-05-2019, 112.05 , 114.35 , 110.00 , 110.05 ,31-05-2019, 827.10 , 829.95 , 819.55 , 813.26 ,31-05-2019," 1,340.00 "," 1,340.05 "," 1,249.30 "," 1,259.11 ",31-05-2019, 217.90 , 223.90 , 212.10 , 214.15 
03-06-2019, 43.55 , 45.10 , 42.05 , 44.10 ,03-06-2019, 110.05 , 112.45 , 109.00 , 110.00 ,03-06-2019, 820.70 , 874.00 , 819.55 , 847.22 ,03-06-2019," 1,279.90 "," 1,292.00 "," 1,234.90 "," 1,280.82 ",03-06-2019, 213.00 , 216.50 , 209.00 , 213.70 
04-06-2019, 43.90 , 46.15 , 43.60 , 45.20 ,04-06-2019, 110.00 , 116.90 , 110.00 , 114.85 ,04-06-2019, 861.00 , 861.00 , 832.15 , 825.20 ,04-06-2019," 1,290.85 "," 1,290.90 "," 1,228.30 "," 1,245.12 ",04-06-2019, 211.80 , 224.95 , 209.90 , 221.35 
06-06-2019, 45.65 , 45.90 , 44.15 , 44.35 ,06-06-2019, 115.35 , 115.35 , 109.10 , 110.35 ,06-06-2019, 847.65 , 847.65 , 816.00 , 804.51 ,06-06-2019," 1,249.90 "," 1,300.00 "," 1,235.90 "," 1,280.67 ",06-06-2019, 223.45 , 231.00 , 222.00 , 223.55 
07-06-2019, 44.45 , 44.75 , 43.00 , 43.25 ,07-06-2019, 110.00 , 114.00 , 110.00 , 110.50 ,07-06-2019, 859.95 , 859.95 , 818.05 , 805.84 ,07-06-2019," 1,295.90 "," 1,397.00 "," 1,278.10 "," 1,373.53 ",07-06-2019, 225.00 , 226.90 , 211.60 , 215.85 
10-06-2019, 43.95 , 44.10 , 42.80 , 42.90 ,10-06-2019, 110.15 , 114.00 , 110.00 , 110.00 ,10-06-2019, 809.00 , 838.10 , 809.00 , 812.47 ,10-06-2019," 1,390.00 "," 1,449.80 "," 1,362.35 "," 1,432.43 ",10-06-2019, 217.50 , 219.90 , 211.40 , 212.40 
11-06-2019, 42.90 , 43.15 , 42.00 , 42.55 ,11-06-2019, 109.85 , 114.00 , 106.70 , 111.55 ,11-06-2019, 817.05 , 825.95 , 814.95 , 807.46 ,11-06-2019," 1,450.00 "," 1,490.00 "," 1,449.00 "," 1,459.07 ",11-06-2019, 212.00 , 216.50 , 206.20 , 210.15 
12-06-2019, 42.95 , 43.70 , 42.95 , 43.15 ,12-06-2019, 110.05 , 113.00 , 110.00 , 110.05 ,12-06-2019, 821.40 , 825.00 , 810.00 , 806.67 ,12-06-2019," 1,462.15 "," 1,474.00 "," 1,429.50 "," 1,457.33 ",12-06-2019, 211.00 , 215.20 , 207.10 , 208.20 
13-06-2019, 43.30 , 43.70 , 42.10 , 43.40 ,13-06-2019, 110.15 , 111.85 , 110.00 , 110.00 ,13-06-2019, 820.55 , 820.55 , 801.00 , 795.46 ,13-06-2019," 1,453.40 "," 1,456.15 "," 1,428.00 "," 1,443.24 ",13-06-2019, 208.10 , 209.45 , 204.80 , 205.70 
14-06-2019, 43.20 , 44.10 , 42.50 , 42.60 ,14-06-2019, 110.15 , 110.60 , 110.00 , 110.00 ,14-06-2019, 802.00 , 826.05 , 801.95 , 799.20 ,14-06-2019," 1,475.95 "," 1,475.95 "," 1,410.00 "," 1,414.86 ",14-06-2019, 205.70 , 206.75 , 197.50 , 199.55 
17-06-2019, 42.30 , 43.05 , 41.35 , 41.65 ,17-06-2019, 110.20 , 110.90 , 109.75 , 110.05 ,17-06-2019, 812.95 , 824.25 , 805.00 , 795.91 ,17-06-2019," 1,437.95 "," 1,437.95 "," 1,322.20 "," 1,330.81 ",17-06-2019, 199.55 , 199.55 , 183.30 , 184.85 
18-06-2019, 41.65 , 42.30 , 40.30 , 40.80 ,18-06-2019, 110.05 , 110.05 , 104.10 , 107.00 ,18-06-2019, 799.00 , 819.00 , 799.00 , 802.35 ,18-06-2019," 1,320.40 "," 1,375.00 "," 1,320.40 "," 1,357.55 ",18-06-2019, 186.60 , 197.00 , 186.55 , 192.30 
19-06-2019, 40.80 , 41.90 , 38.60 , 39.75 ,19-06-2019, 110.05 , 111.50 , 110.00 , 110.00 ,19-06-2019, 815.00 , 822.00 , 811.05 , 800.13 ,19-06-2019," 1,371.95 "," 1,400.00 "," 1,350.00 "," 1,356.25 ",19-06-2019, 195.10 , 197.80 , 186.70 , 187.75 
20-06-2019, 40.90 , 42.00 , 40.30 , 40.95 ,20-06-2019, 110.05 , 111.25 , 110.00 , 111.15 ,20-06-2019, 803.00 , 850.00 , 803.00 , 825.65 ,20-06-2019," 1,356.05 "," 1,357.00 "," 1,311.15 "," 1,338.53 ",20-06-2019, 188.00 , 190.80 , 183.70 , 189.60 
21-06-2019, 41.25 , 42.15 , 40.60 , 41.25 ,21-06-2019, 110.00 , 113.75 , 110.00 , 112.10 ,21-06-2019, 840.00 , 840.00 , 809.00 , 806.13 ,21-06-2019," 1,346.35 "," 1,354.75 "," 1,320.00 "," 1,318.21 ",21-06-2019, 188.00 , 191.80 , 186.70 , 188.50 
24-06-2019, 41.60 , 41.65 , 40.45 , 41.15 ,24-06-2019, 113.90 , 113.90 , 108.30 , 109.55 ,24-06-2019, 816.00 , 819.95 , 802.10 , 790.06 ,24-06-2019," 1,343.75 "," 1,343.75 "," 1,314.20 "," 1,324.09 ",24-06-2019, 190.10 , 190.95 , 185.00 , 185.55 
25-06-2019, 40.75 , 41.95 , 40.75 , 41.35 ,25-06-2019, 110.05 , 111.25 , 110.00 , 110.00 ,25-06-2019, 809.00 , 819.95 , 803.00 , 791.83 ,25-06-2019," 1,317.05 "," 1,329.00 "," 1,302.20 "," 1,305.87 ",25-06-2019, 186.00 , 194.45 , 183.50 , 191.25 
26-06-2019, 41.50 , 41.80 , 41.10 , 41.50 ,26-06-2019, 112.90 , 112.90 , 110.00 , 110.05 ,26-06-2019, 805.45 , 810.00 , 801.20 , 792.71 ,26-06-2019," 1,322.95 "," 1,322.95 "," 1,302.20 "," 1,310.00 ",26-06-2019, 191.95 , 194.65 , 189.10 , 189.90 
27-06-2019, 41.60 , 43.25 , 41.40 , 42.35 ,27-06-2019, 110.10 , 116.00 , 109.00 , 109.05 ,27-06-2019, 805.35 , 822.00 , 801.00 , 802.30 ,27-06-2019," 1,321.65 "," 1,339.90 "," 1,312.05 "," 1,326.58 ",27-06-2019, 191.00 , 195.60 , 191.00 , 194.50 
28-06-2019, 42.80 , 45.75 , 42.60 , 44.40 ,28-06-2019, 110.20 , 111.40 , 110.00 , 110.00 ,28-06-2019, 811.00 , 825.00 , 810.10 , 806.23 ,28-06-2019," 1,342.00 "," 1,355.00 "," 1,322.00 "," 1,346.40 ",28-06-2019, 195.90 , 211.80 , 194.65 , 209.85 
01-07-2019, 44.95 , 46.10 , 44.45 , 45.50 ,01-07-2019, 111.65 , 115.15 , 108.10 , 111.90 ,01-07-2019, 830.00 , 837.00 , 808.05 , 817.53 ,01-07-2019," 1,360.95 "," 1,398.00 "," 1,340.00 "," 1,375.87 ",01-07-2019, 214.00 , 226.50 , 209.60 , 224.45 
02-07-2019, 45.75 , 52.15 , 45.65 , 50.20 ,02-07-2019, 113.85 , 113.85 , 110.00 , 110.00 ,02-07-2019, 824.00 , 834.95 , 820.20 , 814.00 ,02-07-2019," 1,399.80 "," 1,399.80 "," 1,350.30 "," 1,356.11 ",02-07-2019, 226.00 , 227.80 , 218.15 , 220.00 
03-07-2019, 50.75 , 54.00 , 50.50 , 52.00 ,03-07-2019, 110.20 , 112.15 , 110.00 , 110.05 ,03-07-2019, 820.00 , 841.00 , 820.00 , 825.25 ,03-07-2019," 1,350.30 "," 1,372.75 "," 1,350.00 "," 1,361.83 ",03-07-2019, 221.70 , 223.35 , 210.50 , 211.60 
04-07-2019, 52.50 , 53.40 , 50.25 , 51.05 ,04-07-2019, 110.35 , 116.65 , 110.00 , 115.60 ,04-07-2019, 845.00 , 848.00 , 830.55 , 822.06 ,04-07-2019," 1,370.95 "," 1,378.05 "," 1,338.00 "," 1,336.99 ",04-07-2019, 212.00 , 217.45 , 210.10 , 213.45 
05-07-2019, 51.45 , 52.20 , 46.80 , 47.60 ,05-07-2019, 119.75 , 119.75 , 111.25 , 112.85 ,05-07-2019, 840.00 , 843.00 , 815.00 , 809.33 ,05-07-2019," 1,345.95 "," 1,362.05 "," 1,319.95 "," 1,331.71 ",05-07-2019, 214.40 , 215.30 , 203.85 , 205.40 
08-07-2019, 47.00 , 47.00 , 44.00 , 44.85 ,08-07-2019, 111.00 , 114.30 , 111.00 , 111.50 ,08-07-2019, 815.00 , 824.05 , 806.00 , 805.93 ,08-07-2019," 1,310.00 "," 1,344.05 "," 1,302.00 "," 1,305.92 ",08-07-2019, 201.05 , 202.30 , 193.50 , 197.35 
09-07-2019, 44.70 , 51.80 , 43.25 , 49.60 ,09-07-2019, 110.00 , 110.45 , 98.00 , 104.00 ,09-07-2019, 806.00 , 829.95 , 806.00 , 806.13 ,09-07-2019," 1,317.95 "," 1,332.00 "," 1,278.15 "," 1,299.64 ",09-07-2019, 197.00 , 202.70 , 193.95 , 198.60 
10-07-2019, 50.20 , 53.00 , 48.10 , 49.10 ,10-07-2019, 104.55 , 109.60 , 97.50 , 105.05 ,10-07-2019, 820.00 , 830.50 , 801.00 , 807.11 ,10-07-2019," 1,329.90 "," 1,329.90 "," 1,255.20 "," 1,258.32 ",10-07-2019, 198.50 , 209.00 , 197.30 , 205.10 
11-07-2019, 49.55 , 50.70 , 48.25 , 49.45 ,11-07-2019, 102.05 , 104.80 , 100.10 , 101.10 ,11-07-2019, 829.00 , 829.00 , 812.05 , 801.02 ,11-07-2019," 1,257.50 "," 1,289.00 "," 1,240.00 "," 1,272.11 ",11-07-2019, 207.00 , 209.80 , 202.00 , 203.00 
12-07-2019, 49.75 , 50.80 , 49.00 , 49.55 ,12-07-2019, 105.30 , 105.30 , 100.15 , 100.45 ,12-07-2019, 802.00 , 820.00 , 802.00 , 806.03 ,12-07-2019," 1,273.05 "," 1,294.05 "," 1,260.00 "," 1,271.01 ",12-07-2019, 203.50 , 203.50 , 196.85 , 199.80 
15-07-2019, 49.90 , 51.10 , 48.10 , 48.50 ,15-07-2019, 106.00 , 109.85 , 99.15 , 104.15 ,15-07-2019, 811.00 , 825.25 , 811.00 , 801.26 ,15-07-2019," 1,283.05 "," 1,283.90 "," 1,252.20 "," 1,252.39 ",15-07-2019, 199.80 , 202.90 , 198.00 , 200.00 
16-07-2019, 48.90 , 49.85 , 48.00 , 49.20 ,16-07-2019, 104.30 , 106.00 , 104.30 , 105.00 ,16-07-2019, 805.50 , 817.90 , 805.00 , 798.51 ,16-07-2019," 1,259.00 "," 1,281.95 "," 1,252.20 "," 1,252.99 ",16-07-2019, 201.10 , 203.80 , 198.80 , 201.05 
17-07-2019, 49.40 , 50.00 , 48.20 , 48.45 ,17-07-2019, 101.35 , 109.85 , 98.15 , 108.90 ,17-07-2019, 804.00 , 820.00 , 804.00 , 798.12 ,17-07-2019," 1,281.55 "," 1,342.85 "," 1,259.95 "," 1,322.45 ",17-07-2019, 200.50 , 218.20 , 200.50 , 213.65 
18-07-2019, 48.30 , 49.75 , 46.95 , 47.50 ,18-07-2019, 109.80 , 109.85 , 104.10 , 105.00 ,18-07-2019, 807.00 , 813.05 , 783.30 , 777.82 ,18-07-2019," 1,328.00 "," 1,364.90 "," 1,312.25 "," 1,341.12 ",18-07-2019, 217.00 , 221.35 , 212.50 , 213.80 
19-07-2019, 48.00 , 48.15 , 45.20 , 45.80 ,19-07-2019, 101.80 , 103.35 , 100.35 , 102.00 ,19-07-2019, 785.10 , 801.00 , 785.10 , 780.28 ,19-07-2019," 1,344.00 "," 1,349.00 "," 1,262.20 "," 1,273.65 ",19-07-2019, 214.25 , 217.40 , 202.90 , 203.95 
22-07-2019, 45.50 , 47.45 , 44.70 , 46.80 ,22-07-2019, 100.40 , 104.00 , 94.00 , 95.50 ,22-07-2019, 786.10 , 811.95 , 778.00 , 778.01 ,22-07-2019," 1,277.00 "," 1,321.20 "," 1,262.20 "," 1,273.80 ",22-07-2019, 204.00 , 207.80 , 199.75 , 200.75 
23-07-2019, 46.90 , 49.35 , 46.70 , 48.80 ,23-07-2019, 95.00 , 95.00 , 93.25 , 93.40 ,23-07-2019, 781.10 , 806.95 , 770.00 , 762.04 ,23-07-2019," 1,279.65 "," 1,315.00 "," 1,270.00 "," 1,299.84 ",23-07-2019, 202.45 , 205.90 , 201.25 , 202.80 
24-07-2019, 49.40 , 49.50 , 48.25 , 48.45 ,24-07-2019, 100.00 , 100.00 , 90.35 , 91.50 ,24-07-2019, 775.10 , 786.90 , 735.05 , 756.78 ,24-07-2019," 1,317.90 "," 1,318.00 "," 1,281.10 "," 1,294.56 ",24-07-2019, 204.60 , 205.70 , 200.10 , 200.75 
25-07-2019, 48.35 , 49.40 , 48.35 , 48.80 ,25-07-2019, 91.55 , 94.70 , 83.00 , 87.25 ,25-07-2019, 761.10 , 776.90 , 751.65 , 745.08 ,25-07-2019," 1,300.00 "," 1,310.95 "," 1,270.05 "," 1,271.26 ",25-07-2019, 200.00 , 204.00 , 196.75 , 197.25 
26-07-2019, 48.80 , 50.35 , 48.20 , 49.60 ,26-07-2019, 87.25 , 89.75 , 86.00 , 88.95 ,26-07-2019, 745.10 , 769.40 , 745.10 , 759.29 ,26-07-2019," 1,317.95 "," 1,317.95 "," 1,245.00 "," 1,246.27 ",26-07-2019, 197.95 , 203.45 , 196.80 , 200.45 
29-07-2019, 49.05 , 50.05 , 48.55 , 48.80 ,29-07-2019, 94.90 , 95.80 , 82.05 , 85.25 ,29-07-2019, 751.10 , 779.95 , 736.05 , 751.74 ,29-07-2019," 1,251.50 "," 1,275.40 "," 1,230.00 "," 1,230.78 ",29-07-2019, 200.65 , 202.30 , 196.20 , 198.10 
30-07-2019, 49.00 , 49.20 , 46.00 , 46.40 ,30-07-2019, 87.00 , 90.00 , 85.00 , 85.00 ,30-07-2019, 756.00 , 771.00 , 726.00 , 724.37 ,30-07-2019," 1,216.05 "," 1,242.40 "," 1,166.00 "," 1,167.35 ",30-07-2019, 199.60 , 201.55 , 191.75 , 192.60 
31-07-2019, 45.60 , 47.80 , 45.40 , 46.80 ,31-07-2019, 85.00 , 87.50 , 82.45 , 86.10 ,31-07-2019, 725.00 , 729.90 , 692.55 , 708.67 ,31-07-2019," 1,175.00 "," 1,204.90 "," 1,165.00 "," 1,193.74 ",31-07-2019, 191.05 , 196.60 , 191.05 , 195.50 
01-08-2019, 46.00 , 47.75 , 45.10 , 45.60 ,01-08-2019, 85.00 , 85.00 , 80.50 , 81.45 ,01-08-2019, 705.05 , 710.05 , 671.35 , 688.00 ,01-08-2019," 1,211.40 "," 1,211.40 "," 1,160.00 "," 1,194.09 ",01-08-2019, 194.50 , 203.70 , 193.15 , 195.75 
02-08-2019, 45.40 , 48.15 , 45.00 , 46.85 ,02-08-2019, 76.10 , 83.90 , 76.10 , 78.80 ,02-08-2019, 681.00 , 691.00 , 653.05 , 684.13 ,02-08-2019," 1,199.00 "," 1,220.00 "," 1,161.00 "," 1,206.53 ",02-08-2019, 195.95 , 198.80 , 193.00 , 194.20 
05-08-2019, 46.10 , 47.70 , 45.10 , 45.80 ,05-08-2019, 82.40 , 82.40 , 77.20 , 80.00 ,05-08-2019, 665.05 , 719.00 , 665.05 , 692.12 ,05-08-2019," 1,212.00 "," 1,239.10 "," 1,170.00 "," 1,219.58 ",05-08-2019, 191.00 , 191.70 , 182.30 , 190.30 
06-08-2019, 45.95 , 48.15 , 45.50 , 47.50 ,06-08-2019, 78.05 , 80.00 , 77.60 , 78.95 ,06-08-2019, 691.05 , 835.90 , 691.05 , 804.00 ,06-08-2019," 1,191.10 "," 1,222.55 "," 1,178.50 "," 1,199.74 ",06-08-2019, 189.85 , 206.95 , 189.00 , 201.10 
07-08-2019, 47.65 , 49.35 , 47.20 , 47.80 ,07-08-2019, 77.45 , 81.00 , 77.30 , 78.70 ,07-08-2019, 809.00 , 823.00 , 756.15 , 772.70 ,07-08-2019," 1,227.60 "," 1,260.00 "," 1,208.15 "," 1,236.62 ",07-08-2019, 201.20 , 208.00 , 200.80 , 202.30 
08-08-2019, 48.50 , 49.40 , 46.70 , 47.35 ,08-08-2019, 78.70 , 86.00 , 78.70 , 81.20 ,08-08-2019, 775.25 , 793.05 , 766.55 , 775.48 ,08-08-2019," 1,247.95 "," 1,270.00 "," 1,220.25 "," 1,256.69 ",08-08-2019, 204.45 , 213.05 , 203.40 , 208.65 
09-08-2019, 47.45 , 48.10 , 46.05 , 46.40 ,09-08-2019, 78.00 , 86.40 , 77.10 , 83.55 ,09-08-2019, 788.80 , 800.35 , 780.20 , 787.36 ,09-08-2019," 1,273.90 "," 1,315.00 "," 1,246.00 "," 1,303.76 ",09-08-2019, 210.65 , 212.80 , 201.50 , 205.05 
13-08-2019, 47.00 , 47.40 , 45.90 , 46.50 ,13-08-2019, 84.00 , 84.20 , 76.30 , 78.40 ,13-08-2019, 810.20 , 824.70 , 770.00 , 766.94 ,13-08-2019," 1,340.00 "," 1,366.10 "," 1,275.25 "," 1,283.59 ",13-08-2019, 201.00 , 201.00 , 188.05 , 189.00 
14-08-2019, 46.50 , 47.00 , 46.30 , 46.60 ,14-08-2019, 83.95 , 84.00 , 71.95 , 75.00 ,14-08-2019, 794.00 , 794.00 , 760.10 , 758.20 ,14-08-2019," 1,319.95 "," 1,344.00 "," 1,280.25 "," 1,321.73 ",14-08-2019, 188.20 , 195.00 , 188.00 , 190.20 
16-08-2019, 45.20 , 47.65 , 45.20 , 46.85 ,16-08-2019, 80.00 , 90.00 , 80.00 , 90.00 ,16-08-2019, 740.00 , 760.00 , 731.20 , 745.63 ,16-08-2019," 1,324.05 "," 1,360.00 "," 1,324.05 "," 1,339.00 ",16-08-2019, 192.45 , 192.45 , 185.35 , 186.70 
19-08-2019, 47.30 , 47.40 , 46.10 , 46.35 ,19-08-2019, 107.00 , 108.00 , 103.00 , 108.00 ,19-08-2019, 743.95 , 763.00 , 743.00 , 749.50 ,19-08-2019," 1,341.30 "," 1,390.00 "," 1,341.30 "," 1,364.20 ",19-08-2019, 188.50 , 192.20 , 184.25 , 186.05 
20-08-2019, 46.30 , 46.65 , 45.40 , 45.80 ,20-08-2019, 115.00 , 129.60 , 115.00 , 129.45 ,20-08-2019, 757.95 , 760.00 , 726.35 , 725.56 ,20-08-2019," 1,379.95 "," 1,398.00 "," 1,365.00 "," 1,390.56 ",20-08-2019, 187.30 , 188.35 , 183.60 , 184.35 
21-08-2019, 45.90 , 45.90 , 43.80 , 44.10 ,21-08-2019, 127.45 , 130.80 , 116.65 , 128.05 ,21-08-2019, 739.95 , 739.95 , 696.00 , 703.00 ,21-08-2019," 1,390.00 "," 1,405.00 "," 1,376.15 "," 1,396.55 ",21-08-2019, 187.00 , 191.45 , 184.60 , 186.10 
22-08-2019, 43.60 , 44.50 , 43.20 , 43.50 ,22-08-2019, 121.95 , 129.70 , 119.00 , 127.05 ,22-08-2019, 715.05 , 720.35 , 681.35 , 705.29 ,22-08-2019," 1,385.05 "," 1,404.95 "," 1,375.00 "," 1,386.66 ",22-08-2019, 187.65 , 189.75 , 182.50 , 183.85 
23-08-2019, 43.00 , 44.00 , 42.75 , 43.85 ,23-08-2019, 126.95 , 127.45 , 117.70 , 125.25 ,23-08-2019, 709.00 , 733.00 , 700.00 , 725.71 ,23-08-2019," 1,390.00 "," 1,417.00 "," 1,375.05 "," 1,404.90 ",23-08-2019, 183.25 , 184.00 , 171.65 , 176.60 
26-08-2019, 45.00 , 45.00 , 42.50 , 43.65 ,26-08-2019, 126.00 , 127.00 , 119.00 , 120.40 ,26-08-2019, 740.05 , 749.85 , 716.50 , 735.10 ,26-08-2019," 1,415.00 "," 1,459.00 "," 1,390.15 "," 1,445.15 ",26-08-2019, 182.00 , 182.80 , 171.10 , 178.55 
27-08-2019, 43.55 , 45.50 , 43.50 , 44.95 ,27-08-2019, 124.65 , 128.00 , 117.30 , 126.60 ,27-08-2019, 750.00 , 750.00 , 735.00 , 743.44 ,27-08-2019," 1,469.65 "," 1,483.00 "," 1,450.85 "," 1,474.13 ",27-08-2019, 180.00 , 183.90 , 178.90 , 181.20 
28-08-2019, 45.00 , 45.20 , 43.50 , 44.05 ,28-08-2019, 125.00 , 125.00 , 115.35 , 117.35 ,28-08-2019, 749.60 , 753.85 , 740.00 , 747.57 ,28-08-2019," 1,451.05 "," 1,520.00 "," 1,450.00 "," 1,510.39 ",28-08-2019, 182.00 , 184.80 , 180.80 , 181.60 
29-08-2019, 44.15 , 44.30 , 43.00 , 43.40 ,29-08-2019, 111.50 , 115.95 , 111.50 , 112.60 ,29-08-2019, 755.00 , 758.00 , 744.00 , 748.26 ,29-08-2019," 1,513.00 "," 1,525.00 "," 1,495.00 "," 1,499.20 ",29-08-2019, 180.90 , 182.70 , 171.60 , 179.90 
30-08-2019, 46.00 , 47.85 , 45.50 , 46.40 ,30-08-2019, 108.40 , 116.85 , 108.40 , 109.65 ,30-08-2019, 758.00 , 768.90 , 755.00 , 756.81 ,30-08-2019," 1,502.00 "," 1,506.95 "," 1,471.10 "," 1,472.88 ",30-08-2019, 177.55 , 180.15 , 175.15 , 177.85 
03-09-2019, 46.00 , 46.20 , 43.50 , 44.45 ,03-09-2019, 114.90 , 114.90 , 109.00 , 109.25 ,03-09-2019, 768.00 , 768.00 , 738.10 , 749.30 ,03-09-2019," 1,470.00 "," 1,474.00 "," 1,421.00 "," 1,436.16 ",03-09-2019, 176.75 , 177.75 , 172.90 , 173.30 
04-09-2019, 44.80 , 44.80 , 43.50 , 43.85 ,04-09-2019, 109.00 , 113.00 , 109.00 , 109.95 ,04-09-2019, 750.00 , 781.00 , 750.00 , 769.08 ,04-09-2019," 1,401.00 "," 1,428.95 "," 1,401.00 "," 1,409.24 ",04-09-2019, 173.80 , 173.90 , 165.20 , 166.30 
05-09-2019, 44.15 , 45.90 , 44.15 , 45.05 ,05-09-2019, 110.20 , 114.35 , 109.00 , 112.25 ,05-09-2019, 775.00 , 785.35 , 762.70 , 761.77 ,05-09-2019," 1,430.95 "," 1,437.95 "," 1,401.05 "," 1,402.90 ",05-09-2019, 168.75 , 169.80 , 165.20 , 166.20 
06-09-2019, 45.25 , 45.80 , 44.75 , 45.10 ,06-09-2019, 114.00 , 114.00 , 110.00 , 110.45 ,06-09-2019, 770.80 , 775.00 , 764.80 , 762.17 ,06-09-2019," 1,405.05 "," 1,450.00 "," 1,405.00 "," 1,423.03 ",06-09-2019, 167.85 , 173.90 , 167.25 , 170.70 
09-09-2019, 45.45 , 45.90 , 45.00 , 45.50 ,09-09-2019, 109.00 , 115.90 , 109.00 , 112.05 ,09-09-2019, 774.95 , 800.00 , 765.00 , 783.43 ,09-09-2019," 1,419.95 "," 1,435.00 "," 1,384.05 "," 1,408.74 ",09-09-2019, 172.00 , 177.80 , 171.35 , 176.00 
11-09-2019, 45.55 , 49.10 , 45.50 , 48.30 ,11-09-2019, 114.45 , 117.50 , 110.10 , 114.30 ,11-09-2019, 792.10 , 797.00 , 785.20 , 783.58 ,11-09-2019," 1,429.95 "," 1,475.00 "," 1,406.00 "," 1,452.75 ",11-09-2019, 177.50 , 190.95 , 177.50 , 187.75 
12-09-2019, 49.05 , 50.25 , 48.40 , 48.90 ,12-09-2019, 115.00 , 120.00 , 111.00 , 119.60 ,12-09-2019, 796.05 , 796.05 , 777.25 , 785.07 ,12-09-2019," 1,460.00 "," 1,478.00 "," 1,447.00 "," 1,463.84 ",12-09-2019, 189.80 , 193.05 , 184.00 , 185.35 
13-09-2019, 49.25 , 50.60 , 48.00 , 50.25 ,13-09-2019, 114.00 , 125.55 , 114.00 , 123.25 ,13-09-2019, 795.95 , 799.00 , 784.40 , 784.43 ,13-09-2019," 1,480.00 "," 1,490.00 "," 1,464.00 "," 1,471.03 ",13-09-2019, 184.00 , 187.20 , 182.00 , 184.00 
16-09-2019, 49.95 , 57.50 , 49.85 , 55.55 ,16-09-2019, 123.25 , 123.25 , 117.25 , 120.55 ,16-09-2019, 788.00 , 798.00 , 783.35 , 786.31 ,16-09-2019," 1,478.00 "," 1,521.00 "," 1,459.55 "," 1,497.30 ",16-09-2019, 182.00 , 185.55 , 179.50 , 183.65 
17-09-2019, 55.90 , 57.20 , 53.35 , 54.85 ,17-09-2019, 114.60 , 123.00 , 114.60 , 117.50 ,17-09-2019, 791.00 , 804.00 , 772.00 , 781.15 ,17-09-2019," 1,484.00 "," 1,514.00 "," 1,475.60 "," 1,493.86 ",17-09-2019, 183.80 , 189.70 , 180.10 , 181.90 
18-09-2019, 55.60 , 55.70 , 52.00 , 53.05 ,18-09-2019, 117.50 , 121.00 , 112.05 , 120.75 ,18-09-2019, 785.90 , 794.90 , 775.05 , 781.40 ,18-09-2019," 1,508.00 "," 1,508.00 "," 1,471.05 "," 1,481.77 ",18-09-2019, 184.25 , 185.00 , 179.00 , 180.70 
19-09-2019, 53.10 , 53.30 , 48.85 , 50.15 ,19-09-2019, 115.00 , 120.00 , 115.00 , 120.00 ,19-09-2019, 786.45 , 786.45 , 770.10 , 766.69 ,19-09-2019," 1,490.00 "," 1,534.70 "," 1,475.65 "," 1,524.43 ",19-09-2019, 182.15 , 182.35 , 175.00 , 176.60 
20-09-2019, 50.50 , 53.40 , 49.20 , 51.60 ,20-09-2019, 115.55 , 125.00 , 115.55 , 116.55 ,20-09-2019, 771.90 , 791.50 , 770.00 , 784.48 ,20-09-2019," 1,525.95 "," 1,547.00 "," 1,491.00 "," 1,518.38 ",20-09-2019, 179.05 , 186.70 , 172.55 , 183.50 
23-09-2019, 52.50 , 54.50 , 51.70 , 52.20 ,23-09-2019, 111.55 , 122.30 , 111.55 , 120.00 ,23-09-2019, 800.00 , 869.00 , 800.00 , 844.59 ,23-09-2019," 1,555.00 "," 1,558.00 "," 1,500.00 "," 1,525.13 ",23-09-2019, 186.40 , 198.70 , 186.40 , 191.10 
24-09-2019, 52.00 , 53.50 , 51.30 , 52.70 ,24-09-2019, 120.00 , 121.00 , 115.50 , 120.00 ,24-09-2019, 862.30 , 862.35 , 822.00 , 821.09 ,24-09-2019," 1,526.65 "," 1,526.65 "," 1,475.00 "," 1,503.65 ",24-09-2019, 192.70 , 192.80 , 184.00 , 185.35 
25-09-2019, 52.60 , 53.85 , 51.40 , 52.55 ,25-09-2019, 120.00 , 124.00 , 114.00 , 118.55 ,25-09-2019, 826.40 , 840.00 , 822.15 , 823.77 ,25-09-2019," 1,518.95 "," 1,518.95 "," 1,476.10 "," 1,497.25 ",25-09-2019, 185.05 , 187.75 , 178.75 , 182.70 
26-09-2019, 52.60 , 60.45 , 52.10 , 59.15 ,26-09-2019, 112.80 , 121.00 , 112.80 , 120.00 ,26-09-2019, 832.05 , 880.00 , 825.00 , 867.94 ,26-09-2019," 1,504.05 "," 1,534.05 "," 1,492.25 "," 1,494.86 ",26-09-2019, 184.30 , 185.10 , 182.05 , 183.45 
27-09-2019, 59.15 , 60.05 , 56.00 , 57.35 ,27-09-2019, 117.00 , 121.10 , 117.00 , 120.05 ,27-09-2019, 875.00 , 897.00 , 861.20 , 862.32 ,27-09-2019," 1,480.20 "," 1,525.10 "," 1,476.00 "," 1,486.21 ",27-09-2019, 183.05 , 184.45 , 177.65 , 179.25 
30-09-2019, 57.55 , 61.45 , 55.80 , 58.25 ,30-09-2019, 114.30 , 123.90 , 114.25 , 115.20 ,30-09-2019, 871.95 , 880.00 , 861.65 , 874.25 ,30-09-2019," 1,520.00 "," 1,520.00 "," 1,470.15 "," 1,495.85 ",30-09-2019, 178.95 , 184.45 , 175.55 , 183.20 
01-10-2019, 58.75 , 59.30 , 55.90 , 56.50 ,01-10-2019, 111.10 , 120.95 , 111.10 , 116.55 ,01-10-2019, 889.85 , 890.00 , 867.65 , 868.53 ,01-10-2019," 1,520.00 "," 1,526.00 "," 1,488.00 "," 1,503.55 ",01-10-2019, 185.05 , 186.90 , 176.00 , 177.50 
03-10-2019, 56.70 , 63.25 , 55.00 , 61.20 ,03-10-2019, 118.95 , 119.00 , 113.35 , 118.35 ,03-10-2019, 853.05 , 879.90 , 849.00 , 849.85 ,03-10-2019," 1,500.00 "," 1,517.00 "," 1,470.00 "," 1,491.51 ",03-10-2019, 175.50 , 176.00 , 171.50 , 172.20 
04-10-2019, 61.85 , 66.00 , 61.20 , 65.15 ,04-10-2019, 115.00 , 119.50 , 115.00 , 115.85 ,04-10-2019, 862.60 , 877.00 , 860.00 , 866.05 ,04-10-2019," 1,508.00 "," 1,513.00 "," 1,481.00 "," 1,495.75 ",04-10-2019, 173.15 , 175.70 , 170.50 , 171.45 
07-10-2019, 65.45 , 68.70 , 62.60 , 68.05 ,07-10-2019, 115.85 , 115.85 , 113.05 , 113.10 ,07-10-2019, 879.90 , 879.90 , 850.00 , 855.07 ,07-10-2019," 1,504.00 "," 1,518.90 "," 1,316.20 "," 1,482.87 ",07-10-2019, 172.30 , 175.00 , 167.10 , 168.20 
09-10-2019, 68.30 , 74.30 , 67.50 , 71.45 ,09-10-2019, 113.00 , 113.00 , 110.55 , 110.55 ,09-10-2019, 862.75 , 868.95 , 861.40 , 858.25 ,09-10-2019," 1,484.35 "," 1,500.00 "," 1,480.05 "," 1,496.70 ",09-10-2019, 168.95 , 173.95 , 165.45 , 169.75 
10-10-2019, 71.40 , 74.50 , 70.55 , 73.80 ,10-10-2019, 115.00 , 115.00 , 115.00 , 115.00 ,10-10-2019, 869.85 , 879.90 , 841.90 , 848.11 ,10-10-2019," 1,490.05 "," 1,514.95 "," 1,490.05 "," 1,500.30 ",10-10-2019, 169.50 , 171.30 , 166.10 , 167.40 
11-10-2019, 74.60 , 79.35 , 74.20 , 78.75 ,11-10-2019, 112.00 , 114.95 , 109.50 , 114.95 ,11-10-2019, 867.95 , 867.95 , 827.50 , 830.08 ,11-10-2019," 1,510.00 "," 1,510.00 "," 1,483.15 "," 1,485.26 ",11-10-2019, 168.00 , 173.75 , 168.00 , 172.05 
14-10-2019, 79.45 , 81.25 , 72.20 , 79.15 ,14-10-2019, 109.30 , 118.40 , 109.30 , 112.25 ,14-10-2019, 833.00 , 844.65 , 827.45 , 829.83 ,14-10-2019," 1,500.00 "," 1,513.50 "," 1,480.05 "," 1,483.17 ",14-10-2019, 173.80 , 173.95 , 167.05 , 167.65 
15-10-2019, 79.80 , 81.20 , 77.75 , 79.95 ,15-10-2019, 107.45 , 114.95 , 107.45 , 112.60 ,15-10-2019, 839.95 , 840.00 , 825.00 , 832.76 ,15-10-2019," 1,503.95 "," 1,503.95 "," 1,453.00 "," 1,468.23 ",15-10-2019, 169.00 , 175.80 , 167.65 , 174.35 
16-10-2019, 80.60 , 81.00 , 79.30 , 80.25 ,16-10-2019, 108.00 , 113.90 , 108.00 , 109.00 ,16-10-2019, 849.95 , 850.00 , 831.65 , 829.29 ,16-10-2019," 1,487.95 "," 1,490.00 "," 1,425.00 "," 1,447.75 ",16-10-2019, 175.70 , 180.70 , 175.10 , 177.20 
17-10-2019, 80.45 , 92.90 , 80.25 , 88.85 ,17-10-2019, 109.10 , 114.40 , 109.10 , 109.35 ,17-10-2019, 837.95 , 842.00 , 834.00 , 833.61 ,17-10-2019," 1,450.00 "," 1,499.00 "," 1,418.00 "," 1,439.91 ",17-10-2019, 177.20 , 179.70 , 174.60 , 175.90 
18-10-2019, 89.00 , 93.00 , 88.00 , 89.60 ,18-10-2019, 114.40 , 114.40 , 109.00 , 114.20 ,18-10-2019, 836.10 , 880.00 , 835.00 , 862.32 ,18-10-2019," 1,441.00 "," 1,450.00 "," 1,410.00 "," 1,419.28 ",18-10-2019, 175.90 , 176.90 , 171.20 , 172.10 
22-10-2019, 90.00 , 91.25 , 84.00 , 86.60 ,22-10-2019, 115.00 , 115.95 , 112.25 , 115.95 ,22-10-2019, 874.95 , 937.70 , 869.00 , 886.91 ,22-10-2019," 1,441.00 "," 1,441.00 "," 1,405.55 "," 1,410.14 ",22-10-2019, 173.25 , 177.50 , 172.20 , 173.85 
23-10-2019, 86.55 , 89.80 , 85.00 , 86.65 ,23-10-2019, 110.55 , 117.55 , 110.55 , 113.15 ,23-10-2019, 895.50 , 916.45 , 888.05 , 906.64 ,23-10-2019," 1,416.00 "," 1,450.30 "," 1,416.00 "," 1,434.92 ",23-10-2019, 174.60 , 176.80 , 173.50 , 174.20 
24-10-2019, 87.35 , 87.75 , 85.10 , 86.15 ,24-10-2019, 114.00 , 116.00 , 107.50 , 115.35 ,24-10-2019, 926.95 , 929.90 , 906.10 , 916.97 ,24-10-2019," 1,453.95 "," 1,460.00 "," 1,410.00 "," 1,421.43 ",24-10-2019, 175.20 , 176.65 , 171.65 , 172.40 
25-10-2019, 85.90 , 93.10 , 85.00 , 88.95 ,25-10-2019, 118.85 , 118.85 , 111.00 , 115.85 ,25-10-2019, 922.05 , 922.05 , 908.00 , 911.90 ,25-10-2019," 1,446.85 "," 1,446.85 "," 1,418.10 "," 1,423.78 ",25-10-2019, 172.95 , 174.55 , 171.05 , 172.75 
27-10-2019, null , null , null , null ,27-10-2019, null , null , null , null ,27-10-2019, null , null , null , null ,27-10-2019, null , null , null , null ,27-10-2019, null , null , null , null 
29-10-2019, 90.35 , 92.70 , 87.10 , 89.50 ,29-10-2019, 112.00 , 118.40 , 112.00 , 115.00 ,29-10-2019, 920.00 , 929.95 , 905.05 , 918.51 ,29-10-2019," 1,467.85 "," 1,474.00 "," 1,420.00 "," 1,422.83 ",29-10-2019, 190.00 , 193.50 , 183.05 , 183.85 
30-10-2019, 89.60 , 92.00 , 89.50 , 89.90 ,30-10-2019, 112.00 , 116.95 , 112.00 , 112.05 ,30-10-2019, 923.75 , 923.90 , 870.30 , 874.35 ,30-10-2019," 1,430.95 "," 1,443.55 "," 1,415.00 "," 1,426.42 ",30-10-2019, 184.40 , 190.80 , 183.00 , 184.95 
31-10-2019, 90.55 , 91.75 , 88.60 , 89.70 ,31-10-2019, 111.00 , 115.95 , 110.25 , 113.40 ,31-10-2019, 893.00 , 900.10 , 875.00 , 882.00 ,31-10-2019," 1,428.00 "," 1,440.00 "," 1,411.50 "," 1,427.02 ",31-10-2019, 185.80 , 192.70 , 184.55 , 188.45 
01-11-2019, 90.25 , 91.00 , 88.10 , 89.95 ,01-11-2019, 110.10 , 115.75 , 110.10 , 114.95 ,01-11-2019, 878.25 , 894.70 , 865.00 , 863.96 ,01-11-2019," 1,415.00 "," 1,434.00 "," 1,352.65 "," 1,371.03 ",01-11-2019, 188.90 , 203.40 , 188.90 , 197.65 
04-11-2019, 89.70 , 95.85 , 89.60 , 92.65 ,04-11-2019, 118.90 , 119.00 , 112.05 , 112.55 ,04-11-2019, 883.00 , 894.00 , 880.00 , 885.87 ,04-11-2019," 1,372.40 "," 1,414.00 "," 1,370.00 "," 1,400.50 ",04-11-2019, 199.80 , 207.70 , 199.80 , 205.25 
05-11-2019, 93.20 , 93.60 , 90.10 , 90.70 ,05-11-2019, 116.00 , 116.45 , 112.50 , 112.50 ,05-11-2019, 913.95 , 914.00 , 882.10 , 883.59 ,05-11-2019," 1,401.90 "," 1,438.00 "," 1,398.95 "," 1,426.07 ",05-11-2019, 207.00 , 211.00 , 200.75 , 203.40 
06-11-2019, 90.00 , 92.20 , 89.15 , 90.30 ,06-11-2019, 110.00 , 118.00 , 110.00 , 111.35 ,06-11-2019, 893.00 , 987.60 , 883.70 , 946.38 ,06-11-2019," 1,442.00 "," 1,459.90 "," 1,431.55 "," 1,434.32 ",06-11-2019, 203.50 , 206.70 , 200.25 , 201.45 
07-11-2019, 90.40 , 91.20 , 88.30 , 88.70 ,07-11-2019, 111.65 , 116.90 , 111.65 , 116.80 ,07-11-2019, 962.00 ," 1,015.00 ", 945.30 , 992.23 ,07-11-2019," 1,458.00 "," 1,486.00 "," 1,439.95 "," 1,458.79 ",07-11-2019, 202.60 , 202.80 , 195.05 , 198.30 
08-11-2019, 88.80 , 89.60 , 83.60 , 86.70 ,08-11-2019, 112.15 , 122.50 , 112.15 , 119.95 ,08-11-2019," 1,003.90 "," 1,074.95 ", 992.30 ," 1,008.68 ",08-11-2019," 1,475.60 "," 1,515.95 "," 1,445.40 "," 1,449.15 ",08-11-2019, 197.95 , 204.80 , 197.10 , 200.40 
11-11-2019, 86.80 , 95.25 , 85.20 , 93.85 ,11-11-2019, 120.00 , 125.90 , 117.00 , 124.60 ,11-11-2019," 1,021.00 "," 1,044.90 "," 1,012.95 "," 1,032.97 ",11-11-2019," 1,460.00 "," 1,490.00 "," 1,445.75 "," 1,452.85 ",11-11-2019, 202.00 , 211.90 , 201.20 , 210.40 
13-11-2019, 95.00 , 99.80 , 94.00 , 96.00 ,13-11-2019, 118.40 , 127.00 , 118.40 , 121.45 ,13-11-2019," 1,025.00 "," 1,033.95 "," 1,006.65 "," 1,002.81 ",13-11-2019," 1,489.00 "," 1,555.00 "," 1,475.00 "," 1,543.61 ",13-11-2019, 212.00 , 212.50 , 202.15 , 202.80 
14-11-2019, 96.70 , 98.50 , 93.50 , 95.05 ,14-11-2019, 120.00 , 122.20 , 120.00 , 120.55 ,14-11-2019," 1,008.95 "," 1,048.30 ", 995.00 ," 1,013.00 ",14-11-2019," 1,575.00 "," 1,674.90 "," 1,545.00 "," 1,639.91 ",14-11-2019, 202.05 , 204.40 , 195.40 , 196.50 
15-11-2019, 95.40 , 96.70 , 94.50 , 95.50 ,15-11-2019, 126.00 , 126.55 , 126.00 , 126.55 ,15-11-2019," 1,021.95 "," 1,030.00 "," 1,015.00 "," 1,009.17 ",15-11-2019," 1,654.00 "," 1,727.50 "," 1,653.95 "," 1,703.74 ",15-11-2019, 197.00 , 201.40 , 182.15 , 186.05 
18-11-2019, 95.95 , 96.00 , 93.65 , 94.05 ,18-11-2019, 132.85 , 132.85 , 123.70 , 123.90 ,18-11-2019," 1,029.00 "," 1,035.00 "," 1,006.00 "," 1,001.27 ",18-11-2019," 1,730.00 "," 1,770.00 "," 1,710.00 "," 1,730.92 ",18-11-2019, 186.00 , 188.70 , 179.55 , 180.90 
19-11-2019, 94.05 , 97.60 , 92.00 , 96.20 ,19-11-2019, 118.05 , 130.00 , 118.05 , 127.95 ,19-11-2019," 1,018.00 "," 1,030.00 "," 1,005.00 "," 1,010.51 ",19-11-2019," 1,747.00 "," 1,750.00 "," 1,660.00 "," 1,687.99 ",19-11-2019, 180.00 , 187.45 , 179.20 , 182.85 
20-11-2019, 96.80 , 100.90 , 95.60 , 98.75 ,20-11-2019, 129.90 , 129.90 , 123.00 , 123.70 ,20-11-2019," 1,019.95 "," 1,038.45 ", 985.10 ," 1,008.38 ",20-11-2019," 1,680.00 "," 1,680.00 "," 1,620.05 "," 1,624.97 ",20-11-2019, 183.90 , 184.40 , 180.30 , 180.80 
21-11-2019, 98.65 , 99.20 , 96.30 , 97.00 ,21-11-2019, 123.00 , 125.00 , 123.00 , 123.05 ,21-11-2019," 1,006.00 "," 1,028.00 "," 1,006.00 "," 1,009.92 ",21-11-2019," 1,625.00 "," 1,710.95 "," 1,623.00 "," 1,673.80 ",21-11-2019, 180.80 , 182.00 , 176.60 , 177.30 
22-11-2019, 97.45 , 106.70 , 95.30 , 106.70 ,22-11-2019, 120.50 , 128.60 , 117.50 , 118.70 ,22-11-2019," 1,017.00 "," 1,024.80 "," 1,011.10 "," 1,010.86 ",22-11-2019," 1,694.45 "," 1,730.00 "," 1,660.00 "," 1,681.44 ",22-11-2019, 178.45 , 180.95 , 176.25 , 178.65 
25-11-2019, 107.70 , 117.30 , 106.70 , 114.30 ,25-11-2019, 122.90 , 124.50 , 115.10 , 120.15 ,25-11-2019," 1,025.00 "," 1,029.90 "," 1,000.85 "," 1,009.77 ",25-11-2019," 1,730.00 "," 1,730.00 "," 1,665.00 "," 1,672.90 ",25-11-2019, 179.00 , 180.00 , 176.00 , 176.45 
26-11-2019, 114.50 , 118.85 , 110.85 , 115.15 ,26-11-2019, 124.25 , 125.10 , 116.40 , 118.05 ,26-11-2019," 1,032.60 "," 1,055.00 "," 1,021.25 "," 1,035.70 ",26-11-2019," 1,680.00 "," 1,688.15 "," 1,651.15 "," 1,655.95 ",26-11-2019, 177.55 , 178.80 , 175.00 , 175.45 
27-11-2019, 115.80 , 126.65 , 115.40 , 125.90 ,27-11-2019, 116.05 , 123.95 , 116.05 , 123.95 ,27-11-2019," 1,042.40 "," 1,107.45 "," 1,032.00 "," 1,063.17 ",27-11-2019," 1,678.40 "," 1,678.40 "," 1,621.50 "," 1,627.37 ",27-11-2019, 176.00 , 181.00 , 175.75 , 178.40 
28-11-2019, 127.25 , 132.15 , 127.25 , 132.15 ,28-11-2019, 120.05 , 125.00 , 120.05 , 125.00 ,28-11-2019," 1,077.80 "," 1,088.50 "," 1,062.15 "," 1,067.79 ",28-11-2019," 1,628.00 "," 1,659.00 "," 1,628.00 "," 1,650.91 ",28-11-2019, 179.25 , 179.85 , 175.70 , 176.30 
29-11-2019, 136.00 , 138.75 , 132.35 , 137.10 ,29-11-2019, 125.00 , 126.00 , 123.00 , 125.95 ,29-11-2019," 1,070.00 "," 1,077.00 "," 1,055.05 "," 1,064.81 ",29-11-2019," 1,652.00 "," 1,681.95 "," 1,622.05 "," 1,652.91 ",29-11-2019, 176.45 , 177.00 , 173.00 , 173.70 
02-12-2019, 138.00 , 138.70 , 130.25 , 131.30 ,02-12-2019, 131.95 , 131.95 , 120.30 , 121.00 ,02-12-2019," 1,077.00 "," 1,077.00 "," 1,065.00 "," 1,059.90 ",02-12-2019," 1,650.00 "," 1,669.95 "," 1,611.00 "," 1,628.21 ",02-12-2019, 174.50 , 175.00 , 170.05 , 170.80 
03-12-2019, 132.00 , 132.00 , 124.75 , 124.75 ,03-12-2019, 121.10 , 121.40 , 118.00 , 121.00 ,03-12-2019," 1,068.00 "," 1,068.00 "," 1,042.10 "," 1,048.37 ",03-12-2019," 1,629.00 "," 1,648.60 "," 1,605.00 "," 1,622.32 ",03-12-2019, 171.40 , 177.80 , 170.00 , 174.95 
04-12-2019, 119.55 , 130.95 , 118.55 , 128.55 ,04-12-2019, 115.10 , 125.00 , 115.10 , 121.25 ,04-12-2019," 1,069.95 "," 1,070.00 "," 1,053.95 "," 1,057.26 ",04-12-2019," 1,601.00 "," 1,669.15 "," 1,601.00 "," 1,642.31 ",04-12-2019, 174.00 , 174.00 , 170.55 , 171.75 
05-12-2019, 129.00 , 133.95 , 128.60 , 129.95 ,05-12-2019, 122.40 , 127.00 , 118.10 , 125.10 ,05-12-2019," 1,066.05 "," 1,071.20 "," 1,050.00 "," 1,053.19 ",05-12-2019," 1,648.00 "," 1,664.00 "," 1,635.00 "," 1,645.31 ",05-12-2019, 172.70 , 173.00 , 170.35 , 170.85 
06-12-2019, 129.60 , 131.25 , 123.50 , 126.40 ,06-12-2019, 125.00 , 128.00 , 124.00 , 124.00 ,06-12-2019," 1,064.95 "," 1,065.00 "," 1,025.05 "," 1,025.42 ",06-12-2019," 1,649.85 "," 1,659.45 "," 1,628.30 "," 1,637.36 ",06-12-2019, 171.50 , 172.00 , 168.50 , 168.95 
09-12-2019, 125.30 , 126.25 , 121.05 , 124.65 ,09-12-2019, 124.00 , 128.00 , 123.00 , 123.00 ,09-12-2019," 1,043.00 "," 1,045.00 "," 1,018.80 "," 1,026.31 ",09-12-2019," 1,645.00 "," 1,679.80 "," 1,618.00 "," 1,654.90 ",09-12-2019, 169.00 , 169.70 , 165.00 , 165.35 
10-12-2019, 124.35 , 129.00 , 123.65 , 126.90 ,10-12-2019, 123.00 , 128.00 , 123.00 , 125.00 ,10-12-2019," 1,047.95 "," 1,047.95 "," 1,000.10 "," 1,009.72 ",10-12-2019," 1,669.90 "," 1,672.00 "," 1,635.00 "," 1,641.96 ",10-12-2019, 165.35 , 168.40 , 162.10 , 162.40 
11-12-2019, 128.00 , 133.20 , 127.20 , 132.55 ,11-12-2019, 125.40 , 129.95 , 125.00 , 125.05 ,11-12-2019," 1,026.85 "," 1,026.85 "," 1,001.25 "," 1,002.07 ",11-12-2019," 1,655.00 "," 1,655.00 "," 1,621.05 "," 1,629.61 ",11-12-2019, 163.25 , 168.80 , 162.10 , 165.30 
12-12-2019, 134.20 , 135.50 , 129.15 , 131.90 ,12-12-2019, 125.00 , 130.00 , 125.00 , 129.45 ,12-12-2019," 1,019.70 "," 1,022.00 "," 1,005.00 "," 1,009.42 ",12-12-2019," 1,639.90 "," 1,665.00 "," 1,630.50 "," 1,649.36 ",12-12-2019, 164.60 , 167.90 , 164.05 , 165.05 
13-12-2019, 131.90 , 135.50 , 131.50 , 132.65 ,13-12-2019, 125.45 , 130.00 , 125.45 , 128.30 ,13-12-2019," 1,029.85 "," 1,044.95 "," 1,015.00 "," 1,024.47 ",13-12-2019," 1,658.90 "," 1,670.00 "," 1,613.10 "," 1,621.17 ",13-12-2019, 166.05 , 172.70 , 166.05 , 169.65 
16-12-2019, 133.30 , 137.90 , 132.70 , 134.40 ,16-12-2019, 130.80 , 131.00 , 129.00 , 129.95 ,16-12-2019," 1,035.00 "," 1,047.00 "," 1,031.00 "," 1,038.58 ",16-12-2019," 1,627.95 "," 1,659.00 "," 1,608.80 "," 1,628.66 ",16-12-2019, 170.60 , 174.50 , 170.50 , 171.95 
17-12-2019, 135.00 , 137.00 , 134.55 , 135.55 ,17-12-2019, 127.60 , 130.85 , 127.55 , 130.10 ,17-12-2019," 1,064.00 "," 1,064.00 "," 1,040.05 "," 1,048.67 ",17-12-2019," 1,615.30 "," 1,649.15 "," 1,615.30 "," 1,623.17 ",17-12-2019, 172.95 , 173.35 , 168.50 , 171.55 
18-12-2019, 136.30 , 137.30 , 134.00 , 135.10 ,18-12-2019, 127.10 , 130.50 , 127.00 , 130.25 ,18-12-2019," 1,057.95 "," 1,079.00 "," 1,052.45 "," 1,054.08 ",18-12-2019," 1,623.80 "," 1,739.90 "," 1,623.80 "," 1,707.83 ",18-12-2019, 173.00 , 173.55 , 168.05 , 168.85 
19-12-2019, 134.95 , 135.45 , 133.05 , 134.25 ,19-12-2019, 131.40 , 131.50 , 128.15 , 130.50 ,19-12-2019," 1,060.85 "," 1,095.50 "," 1,060.85 "," 1,080.26 ",19-12-2019," 1,709.00 "," 1,735.50 "," 1,691.15 "," 1,722.88 ",19-12-2019, 169.50 , 170.85 , 168.00 , 169.15 
20-12-2019, 134.75 , 136.40 , 134.10 , 135.10 ,20-12-2019, 129.90 , 131.95 , 128.25 , 130.10 ,20-12-2019," 1,094.80 "," 1,094.80 "," 1,077.05 "," 1,081.21 ",20-12-2019," 1,730.00 "," 1,765.00 "," 1,724.00 "," 1,758.66 ",20-12-2019, 169.15 , 170.35 , 167.75 , 168.30 
23-12-2019, 135.10 , 141.85 , 134.75 , 141.85 ,23-12-2019, 131.30 , 132.00 , 128.50 , 131.60 ,23-12-2019," 1,098.00 "," 1,098.00 "," 1,055.00 "," 1,060.69 ",23-12-2019," 1,766.95 "," 1,838.00 "," 1,766.00 "," 1,825.64 ",23-12-2019, 168.20 , 171.00 , 168.00 , 169.45 
24-12-2019, 146.45 , 148.90 , 145.10 , 148.90 ,24-12-2019, 131.70 , 135.80 , 131.25 , 134.60 ,24-12-2019," 1,067.95 "," 1,068.00 "," 1,035.25 "," 1,035.01 ",24-12-2019," 1,839.90 "," 1,877.00 "," 1,818.00 "," 1,872.07 ",24-12-2019, 170.60 , 170.60 , 167.10 , 167.95 
26-12-2019, 156.30 , 156.30 , 156.25 , 156.30 ,26-12-2019, 135.35 , 141.30 , 131.55 , 141.30 ,26-12-2019," 1,064.60 "," 1,064.60 "," 1,026.15 "," 1,047.87 ",26-12-2019," 1,890.00 "," 1,908.00 "," 1,850.00 "," 1,866.67 ",26-12-2019, 167.90 , 169.70 , 165.35 , 166.75 
27-12-2019, 159.40 , 164.10 , 149.25 , 151.00 ,27-12-2019, 140.25 , 148.35 , 140.25 , 146.85 ,27-12-2019," 1,057.70 "," 1,070.00 "," 1,054.00 "," 1,062.18 ",27-12-2019," 1,874.00 "," 1,874.00 "," 1,806.25 "," 1,833.03 ",27-12-2019, 167.00 , 168.20 , 165.35 , 165.75 
30-12-2019, 153.70 , 158.55 , 152.45 , 158.55 ,30-12-2019, 147.00 , 154.15 , 147.00 , 152.50 ,30-12-2019," 1,097.05 "," 1,097.30 "," 1,060.85 "," 1,070.38 ",30-12-2019," 1,840.00 "," 1,904.95 "," 1,835.00 "," 1,855.73 ",30-12-2019, 166.95 , 176.90 , 165.45 , 174.85 
31-12-2019, 166.45 , 166.45 , 161.10 , 166.45 ,31-12-2019, 152.00 , 155.00 , 144.90 , 144.90 ,31-12-2019," 1,070.05 "," 1,093.70 "," 1,070.05 "," 1,078.03 ",31-12-2019," 1,857.05 "," 1,895.00 "," 1,857.05 "," 1,870.82 ",31-12-2019, 174.85 , 179.80 , 173.00 , 174.10 
01-01-2020, 169.35 , 174.75 , 168.10 , 174.75 ,01-01-2020, 150.15 , 150.15 , 140.20 , 145.05 ,01-01-2020," 1,101.00 "," 1,134.75 "," 1,087.80 "," 1,093.33 ",01-01-2020," 1,887.70 "," 1,895.00 "," 1,865.10 "," 1,873.72 ",01-01-2020, 174.10 , 175.30 , 170.50 , 171.30 
02-01-2020, 179.15 , 183.45 , 177.55 , 183.45 ,02-01-2020, 150.00 , 150.00 , 141.50 , 144.80 ,02-01-2020," 1,118.60 "," 1,199.00 "," 1,105.15 "," 1,156.72 ",02-01-2020," 1,887.60 "," 1,889.95 "," 1,843.65 "," 1,863.62 ",02-01-2020, 172.00 , 176.85 , 170.35 , 174.30 
03-01-2020, 187.80 , 192.60 , 183.00 , 192.60 ,03-01-2020, 149.95 , 149.95 , 142.75 , 145.25 ,03-01-2020," 1,173.55 "," 1,198.30 "," 1,152.65 "," 1,155.63 ",03-01-2020," 1,877.95 "," 1,877.95 "," 1,852.00 "," 1,865.22 ",03-01-2020, 173.50 , 180.00 , 172.05 , 174.95 
06-01-2020, 200.00 , 202.20 , 185.55 , 200.60 ,06-01-2020, 146.05 , 146.35 , 142.65 , 146.05 ,06-01-2020," 1,165.00 "," 1,174.00 "," 1,130.40 "," 1,134.91 ",06-01-2020," 1,865.95 "," 1,870.00 "," 1,815.05 "," 1,828.49 ",06-01-2020, 173.00 , 173.70 , 167.80 , 168.25 
07-01-2020, 208.00 , 210.60 , 203.00 , 210.60 ,07-01-2020, 146.95 , 148.90 , 144.55 , 147.55 ,07-01-2020," 1,145.10 "," 1,250.00 "," 1,145.10 "," 1,233.67 ",07-01-2020," 1,828.10 "," 1,872.35 "," 1,828.10 "," 1,852.38 ",07-01-2020, 169.30 , 171.75 , 169.05 , 170.15 
08-01-2020, 215.80 , 221.10 , 214.45 , 221.10 ,08-01-2020, 148.60 , 151.40 , 143.40 , 150.00 ,08-01-2020," 1,228.00 "," 1,250.00 "," 1,210.00 "," 1,227.01 ",08-01-2020," 1,830.00 "," 1,868.90 "," 1,821.00 "," 1,857.23 ",08-01-2020, 167.75 , 171.00 , 166.00 , 167.75 
09-01-2020, 232.15 , 232.15 , 232.15 , 232.15 ,09-01-2020, 154.00 , 154.00 , 145.10 , 151.00 ,09-01-2020," 1,250.00 "," 1,275.00 "," 1,236.00 "," 1,253.34 ",09-01-2020," 1,885.00 "," 1,966.55 "," 1,870.00 "," 1,956.74 ",09-01-2020, 170.20 , 174.90 , 169.45 , 172.30 
10-01-2020, 243.75 , 243.75 , 220.55 , 220.55 ,10-01-2020, 151.10 , 158.55 , 151.05 , 158.55 ,10-01-2020," 1,275.00 "," 1,275.00 "," 1,231.00 "," 1,248.23 ",10-01-2020," 1,978.50 "," 1,980.05 "," 1,890.00 "," 1,903.71 ",10-01-2020, 172.95 , 177.65 , 171.00 , 171.55 
13-01-2020, 209.55 , 209.55 , 209.55 , 209.55 ,13-01-2020, 164.75 , 166.45 , 155.70 , 166.45 ,13-01-2020," 1,260.10 "," 1,267.95 "," 1,240.00 "," 1,237.50 ",13-01-2020," 1,895.00 "," 1,985.00 "," 1,895.00 "," 1,979.43 ",13-01-2020, 170.25 , 175.70 , 170.25 , 171.95 
14-01-2020, 199.10 , 199.10 , 199.10 , 199.10 ,14-01-2020, 174.75 , 174.75 , 170.15 , 174.75 ,14-01-2020," 1,245.00 "," 1,275.00 "," 1,244.80 "," 1,261.74 ",14-01-2020," 1,994.60 "," 2,024.00 "," 1,975.10 "," 1,993.52 ",14-01-2020, 173.05 , 176.00 , 173.00 , 173.60 
15-01-2020, 189.15 , 189.15 , 189.15 , 189.15 ,15-01-2020, 183.45 , 183.45 , 183.45 , 183.45 ,15-01-2020," 1,275.00 "," 1,283.00 "," 1,256.05 "," 1,272.72 ",15-01-2020," 1,999.80 "," 2,008.15 "," 1,980.75 "," 1,987.62 ",15-01-2020, 174.40 , 177.00 , 173.30 , 176.00 
16-01-2020, 179.70 , 179.70 , 179.70 , 179.70 ,16-01-2020, 192.60 , 192.60 , 174.30 , 192.60 ,16-01-2020," 1,277.00 "," 1,300.00 "," 1,277.00 "," 1,288.12 ",16-01-2020," 2,005.95 "," 2,009.20 "," 1,990.00 "," 2,001.42 ",16-01-2020, 177.40 , 184.50 , 176.25 , 183.60 
17-01-2020, 175.10 , 188.65 , 172.30 , 188.65 ,17-01-2020, 199.00 , 202.20 , 198.95 , 202.20 ,17-01-2020," 1,294.95 "," 1,300.00 "," 1,278.00 "," 1,278.63 ",17-01-2020," 2,012.60 "," 2,243.00 "," 2,011.65 "," 2,206.04 ",17-01-2020, 184.00 , 188.50 , 181.40 , 183.20 
20-01-2020, 198.05 , 198.05 , 185.00 , 198.05 ,20-01-2020, 212.30 , 212.30 , 212.30 , 212.30 ,20-01-2020," 1,275.00 "," 1,298.95 "," 1,270.10 "," 1,264.32 ",20-01-2020," 2,250.00 "," 2,250.00 "," 2,160.00 "," 2,196.04 ",20-01-2020, 184.65 , 186.70 , 178.60 , 179.65 
21-01-2020, 199.00 , 207.00 , 192.00 , 202.25 ,21-01-2020, 222.90 , 222.90 , 222.90 , 222.90 ,21-01-2020," 1,270.00 "," 1,300.00 "," 1,270.00 "," 1,289.96 ",21-01-2020," 2,192.00 "," 2,393.00 "," 2,181.35 "," 2,334.94 ",21-01-2020, 178.00 , 181.20 , 177.00 , 178.60 
22-01-2020, 204.00 , 208.95 , 194.55 , 197.65 ,22-01-2020, 234.00 , 234.00 , 234.00 , 234.00 ,22-01-2020," 1,295.35 "," 1,300.00 "," 1,284.15 "," 1,284.99 ",22-01-2020," 2,394.90 "," 2,399.00 "," 2,280.50 "," 2,310.60 ",22-01-2020, 179.85 , 180.25 , 177.00 , 177.65 
23-01-2020, 199.20 , 199.90 , 190.00 , 192.20 ,23-01-2020, 234.85 , 245.70 , 222.30 , 222.70 ,23-01-2020," 1,296.95 "," 1,334.00 "," 1,293.80 "," 1,299.94 ",23-01-2020," 2,317.00 "," 2,384.30 "," 2,103.80 "," 2,156.41 ",23-01-2020, 178.15 , 179.00 , 175.10 , 175.50 
24-01-2020, 187.50 , 194.90 , 182.60 , 190.25 ,24-01-2020, 227.00 , 227.00 , 211.60 , 211.60 ,24-01-2020," 1,324.95 "," 1,325.95 "," 1,285.00 "," 1,294.73 ",24-01-2020," 2,183.90 "," 2,588.70 "," 2,170.00 "," 2,529.01 ",24-01-2020, 175.80 , 179.75 , 175.20 , 177.80 
27-01-2020, 189.00 , 194.10 , 186.50 , 190.75 ,27-01-2020, 201.30 , 209.30 , 201.05 , 201.05 ,27-01-2020," 1,282.00 "," 1,325.00 "," 1,275.00 "," 1,304.56 ",27-01-2020," 2,500.00 "," 2,635.00 "," 2,430.90 "," 2,562.60 ",27-01-2020, 175.85 , 201.30 , 175.80 , 193.60 
28-01-2020, 191.50 , 196.50 , 186.10 , 187.65 ,28-01-2020, 195.00 , 211.10 , 195.00 , 211.10 ,28-01-2020," 1,313.00 "," 1,323.95 "," 1,304.05 "," 1,302.33 ",28-01-2020," 2,578.60 "," 2,617.55 "," 2,485.00 "," 2,506.62 ",28-01-2020, 195.50 , 199.35 , 185.00 , 188.55 
29-01-2020, 188.00 , 191.00 , 185.05 , 186.30 ,29-01-2020, 221.65 , 221.65 , 221.65 , 221.65 ,29-01-2020," 1,323.00 "," 1,349.90 "," 1,317.00 "," 1,329.55 ",29-01-2020," 2,549.90 "," 2,595.00 "," 2,522.00 "," 2,563.05 ",29-01-2020, 190.00 , 192.70 , 185.30 , 186.75 
30-01-2020, 186.90 , 187.90 , 177.65 , 180.45 ,30-01-2020, 230.00 , 232.70 , 218.25 , 232.70 ,30-01-2020," 1,341.80 "," 1,344.00 "," 1,305.10 "," 1,317.23 ",30-01-2020," 2,584.00 "," 2,584.00 "," 2,500.00 "," 2,524.60 ",30-01-2020, 187.40 , 187.40 , 180.00 , 180.30 
31-01-2020, 182.50 , 189.45 , 176.85 , 189.45 ,31-01-2020, 244.30 , 244.30 , 221.35 , 241.20 ,31-01-2020," 1,320.05 "," 1,341.70 "," 1,308.00 "," 1,304.31 ",31-01-2020," 2,527.30 "," 2,569.65 "," 2,480.00 "," 2,502.05 ",31-01-2020, 181.40 , 185.90 , 176.00 , 177.80 
03-02-2020, 186.85 , 196.15 , 186.00 , 196.15 ,03-02-2020, 251.00 , 264.45 , 242.45 , 253.90 ,03-02-2020," 1,262.50 "," 1,365.00 "," 1,262.50 "," 1,341.92 ",03-02-2020," 2,480.00 "," 2,849.00 "," 2,470.35 "," 2,791.35 ",03-02-2020, 167.55 , 174.40 , 165.85 , 170.55 
04-02-2020, 201.90 , 205.95 , 190.10 , 198.00 ,04-02-2020, 263.95 , 266.55 , 253.10 , 257.70 ,04-02-2020," 1,370.00 "," 1,400.00 "," 1,365.30 "," 1,377.74 ",04-02-2020," 2,844.00 "," 3,040.00 "," 2,810.00 "," 2,963.80 ",04-02-2020, 171.10 , 177.65 , 171.10 , 175.80 
05-02-2020, 196.00 , 203.80 , 190.80 , 193.25 ,05-02-2020, 259.95 , 270.55 , 254.00 , 262.40 ,05-02-2020," 1,398.00 "," 1,438.00 "," 1,392.00 "," 1,399.55 ",05-02-2020," 2,995.00 "," 3,049.90 "," 2,851.35 "," 2,925.75 ",05-02-2020, 176.25 , 183.95 , 174.95 , 181.25 
06-02-2020, 193.00 , 202.90 , 190.50 , 202.90 ,06-02-2020, 266.00 , 274.70 , 255.10 , 260.70 ,06-02-2020," 1,418.00 "," 1,478.80 "," 1,380.00 "," 1,434.08 ",06-02-2020," 2,943.00 "," 2,985.00 "," 2,887.55 "," 2,926.30 ",06-02-2020, 181.55 , 184.95 , 180.35 , 181.60 
07-02-2020, 208.95 , 213.00 , 206.25 , 213.00 ,07-02-2020, 258.60 , 270.00 , 256.05 , 264.85 ,07-02-2020," 1,478.00 "," 1,489.95 "," 1,440.05 "," 1,446.35 ",07-02-2020," 2,928.00 "," 2,985.00 "," 2,902.20 "," 2,938.65 ",07-02-2020, 181.15 , 186.95 , 181.15 , 185.50 
10-02-2020, 219.90 , 221.65 , 207.00 , 213.35 ,10-02-2020, 265.05 , 278.05 , 265.00 , 278.05 ,10-02-2020," 1,463.50 "," 1,586.00 "," 1,438.00 "," 1,529.76 ",10-02-2020," 2,940.00 "," 2,950.00 "," 2,900.00 "," 2,912.75 ",10-02-2020, 187.30 , 192.50 , 185.95 , 188.20 
11-02-2020, 215.90 , 217.00 , 208.15 , 211.25 ,11-02-2020, 291.95 , 291.95 , 291.95 , 291.95 ,11-02-2020," 1,550.00 "," 1,579.95 "," 1,525.25 "," 1,524.94 ",11-02-2020," 2,915.80 "," 3,285.00 "," 2,915.80 "," 3,178.05 ",11-02-2020, 199.40 , 204.90 , 193.10 , 193.85 
12-02-2020, 212.10 , 213.45 , 204.85 , 207.65 ,12-02-2020, 306.50 , 306.50 , 292.00 , 306.50 ,12-02-2020," 1,547.50 "," 1,572.00 "," 1,534.80 "," 1,541.83 ",12-02-2020," 3,220.00 "," 3,350.00 "," 3,105.45 "," 3,243.15 ",12-02-2020, 196.60 , 196.75 , 186.00 , 186.60 
13-02-2020, 208.00 , 208.95 , 198.00 , 199.95 ,13-02-2020, 321.80 , 321.80 , 321.80 , 321.80 ,13-02-2020," 1,567.90 "," 1,567.90 "," 1,523.80 "," 1,537.66 ",13-02-2020," 3,266.60 "," 3,399.00 "," 3,210.00 "," 3,340.25 ",13-02-2020, 187.00 , 187.80 , 183.30 , 184.00 
14-02-2020, 201.00 , 209.90 , 201.00 , 206.80 ,14-02-2020, 337.85 , 337.85 , 331.00 , 337.85 ,14-02-2020," 1,569.90 "," 1,600.00 "," 1,540.70 "," 1,560.81 ",14-02-2020," 3,360.05 "," 3,379.80 "," 3,160.00 "," 3,203.00 ",14-02-2020, 184.10 , 199.20 , 184.10 , 195.85 
17-02-2020, 208.40 , 208.40 , 198.00 , 198.35 ,17-02-2020, 321.00 , 354.70 , 321.00 , 346.45 ,17-02-2020," 1,570.90 "," 1,585.00 "," 1,527.50 "," 1,546.25 ",17-02-2020," 3,226.60 "," 3,320.00 "," 3,220.00 "," 3,266.15 ",17-02-2020, 197.40 , 218.80 , 194.10 , 207.10 
18-02-2020, 200.80 , 200.80 , 188.45 , 189.25 ,18-02-2020, 358.80 , 363.75 , 348.00 , 357.80 ,18-02-2020," 1,550.00 "," 1,574.95 "," 1,532.50 "," 1,547.35 ",18-02-2020," 3,287.00 "," 3,297.10 "," 3,221.30 "," 3,256.45 ",18-02-2020, 210.25 , 246.20 , 210.15 , 234.75 
19-02-2020, 191.90 , 198.70 , 191.75 , 197.85 ,19-02-2020, 367.00 , 375.65 , 367.00 , 375.65 ,19-02-2020," 1,560.00 "," 1,599.90 "," 1,552.00 "," 1,590.95 ",19-02-2020," 3,284.95 "," 3,463.00 "," 3,275.00 "," 3,356.80 ",19-02-2020, 239.30 , 257.40 , 230.15 , 234.50 
20-02-2020, 197.85 , 198.15 , 193.00 , 194.85 ,20-02-2020, 394.40 , 394.40 , 394.40 , 394.40 ,20-02-2020," 1,599.90 "," 1,665.95 "," 1,589.00 "," 1,635.85 ",20-02-2020," 3,374.00 "," 3,374.00 "," 3,275.00 "," 3,290.10 ",20-02-2020, 234.00 , 245.95 , 232.10 , 235.70 
24-02-2020, 191.45 , 191.45 , 185.20 , 185.90 ,24-02-2020, 414.10 , 414.10 , 414.10 , 414.10 ,24-02-2020," 1,639.00 "," 1,708.95 "," 1,611.00 "," 1,656.45 ",24-02-2020," 3,308.90 "," 3,422.20 "," 3,245.00 "," 3,281.95 ",24-02-2020, 238.00 , 263.70 , 238.00 , 254.75 
25-02-2020, 184.75 , 188.80 , 178.15 , 180.55 ,25-02-2020, 434.80 , 434.80 , 434.80 , 434.80 ,25-02-2020," 1,674.80 "," 1,718.55 "," 1,642.00 "," 1,650.75 ",25-02-2020," 3,301.65 "," 3,350.00 "," 3,246.00 "," 3,261.30 ",25-02-2020, 260.65 , 273.50 , 255.00 , 268.40 
26-02-2020, 175.55 , 177.85 , 171.55 , 171.55 ,26-02-2020, 456.50 , 456.50 , 413.10 , 420.15 ,26-02-2020," 1,645.00 "," 1,774.00 "," 1,635.05 "," 1,747.30 ",26-02-2020," 3,261.30 "," 3,261.30 "," 3,100.10 "," 3,177.90 ",26-02-2020, 276.00 , 310.45 , 275.55 , 298.65 
27-02-2020, 165.30 , 167.95 , 163.00 , 163.00 ,27-02-2020, 424.95 , 441.15 , 421.00 , 441.15 ,27-02-2020," 1,755.00 "," 1,810.05 "," 1,550.00 "," 1,608.15 ",27-02-2020," 3,160.10 "," 3,233.00 "," 2,901.10 "," 3,047.60 ",27-02-2020, 304.00 , 316.50 , 269.15 , 273.75 
28-02-2020, 154.85 , 160.00 , 154.85 , 154.95 ,28-02-2020, 451.95 , 451.95 , 419.10 , 422.15 ,28-02-2020," 1,530.00 "," 1,564.00 "," 1,468.95 "," 1,511.15 ",28-02-2020," 2,870.00 "," 2,963.95 "," 2,710.00 "," 2,766.50 ",28-02-2020, 265.00 , 266.75 , 246.40 , 246.40 
02-03-2020, 156.60 , 162.65 , 150.00 , 156.05 ,02-03-2020, 439.00 , 441.95 , 404.00 , 411.50 ,02-03-2020," 1,532.25 "," 1,621.00 "," 1,469.00 "," 1,519.10 ",02-03-2020," 2,900.00 "," 3,200.00 "," 2,803.25 "," 2,859.80 ",02-03-2020, 252.00 , 263.00 , 221.80 , 226.05 
03-03-2020, 162.90 , 163.00 , 157.00 , 159.50 ,03-03-2020, 415.00 , 422.95 , 390.95 , 390.95 ,03-03-2020," 1,530.00 "," 1,550.00 "," 1,475.65 "," 1,525.95 ",03-03-2020," 3,015.00 "," 3,118.00 "," 2,912.30 "," 3,036.65 ",03-03-2020, 230.65 , 235.70 , 215.00 , 221.70 
04-03-2020, 159.25 , 159.50 , 151.55 , 152.00 ,04-03-2020, 372.00 , 372.00 , 371.45 , 371.45 ,04-03-2020," 1,539.60 "," 1,549.00 "," 1,475.65 "," 1,506.75 ",04-03-2020," 3,090.00 "," 3,120.00 "," 2,950.00 "," 2,997.70 ",04-03-2020, 224.90 , 232.75 , 220.95 , 232.75 
05-03-2020, 151.55 , 158.75 , 145.45 , 152.50 ,05-03-2020, 352.90 , 352.90 , 352.90 , 352.90 ,05-03-2020," 1,522.60 "," 1,548.80 "," 1,500.00 "," 1,533.85 ",05-03-2020," 3,043.95 "," 3,087.50 "," 2,960.00 "," 2,981.95 ",05-03-2020, 241.00 , 244.35 , 240.65 , 244.35 
06-03-2020, 144.90 , 147.20 , 144.90 , 144.90 ,06-03-2020, 335.30 , 335.30 , 335.30 , 335.30 ,06-03-2020," 1,479.95 "," 1,555.00 "," 1,464.00 "," 1,543.30 ",06-03-2020," 2,824.00 "," 2,980.00 "," 2,781.00 "," 2,962.15 ",06-03-2020, 236.75 , 256.55 , 232.15 , 256.55 
09-03-2020, 137.70 , 137.80 , 137.70 , 137.70 ,09-03-2020, 318.55 , 333.00 , 318.55 , 318.55 ,09-03-2020," 1,522.70 "," 1,551.95 "," 1,440.00 "," 1,464.85 ",09-03-2020," 2,944.95 "," 2,944.95 "," 2,800.00 "," 2,854.00 ",09-03-2020, 256.00 , 266.80 , 244.10 , 250.30 
11-03-2020, 131.10 , 136.40 , 130.85 , 130.85 ,11-03-2020, 302.65 , 318.55 , 302.65 , 303.00 ,11-03-2020," 1,465.00 "," 1,495.05 "," 1,414.55 "," 1,455.55 ",11-03-2020," 2,822.00 "," 2,940.10 "," 2,810.20 "," 2,844.15 ",11-03-2020, 254.40 , 260.00 , 242.05 , 246.25 
12-03-2020, 124.35 , 124.35 , 124.35 , 124.35 ,12-03-2020, 290.00 , 290.00 , 287.85 , 287.85 ,12-03-2020," 1,400.00 "," 1,409.95 "," 1,250.00 "," 1,269.35 ",12-03-2020," 2,740.00 "," 2,779.95 "," 2,457.30 "," 2,720.40 ",12-03-2020, 235.10 , 237.75 , 233.95 , 233.95 
13-03-2020, 118.15 , 130.55 , 118.15 , 123.40 ,13-03-2020, 273.50 , 287.85 , 273.50 , 273.50 ,13-03-2020," 1,075.00 "," 1,377.20 "," 1,021.05 "," 1,298.35 ",13-03-2020," 2,330.00 "," 2,855.00 "," 2,260.00 "," 2,782.10 ",13-03-2020, 222.30 , 234.45 , 222.30 , 222.30 
16-03-2020, 120.00 , 128.00 , 117.25 , 117.70 ,16-03-2020, 273.00 , 273.00 , 259.85 , 259.85 ,16-03-2020," 1,250.00 "," 1,280.10 "," 1,166.25 "," 1,242.10 ",16-03-2020," 2,699.90 "," 2,745.00 "," 2,554.80 "," 2,658.65 ",16-03-2020, 211.20 , 214.15 , 211.20 , 211.20 
17-03-2020, 115.00 , 123.55 , 111.90 , 123.40 ,17-03-2020, 247.00 , 250.95 , 246.90 , 246.90 ,17-03-2020," 1,227.00 "," 1,246.95 "," 1,187.95 "," 1,216.25 ",17-03-2020," 2,680.00 "," 2,774.95 "," 2,500.00 "," 2,529.50 ",17-03-2020, 203.75 , 205.90 , 200.65 , 200.65 
18-03-2020, 125.10 , 129.55 , 124.00 , 129.40 ,18-03-2020, 234.75 , 234.75 , 234.60 , 234.60 ,18-03-2020," 1,236.00 "," 1,236.00 "," 1,152.80 "," 1,172.85 ",18-03-2020," 2,560.10 "," 2,631.10 "," 2,201.00 "," 2,216.70 ",18-03-2020, 190.75 , 192.20 , 187.80 , 187.80 
19-03-2020, 125.00 , 135.85 , 122.95 , 135.65 ,19-03-2020, 222.90 , 222.90 , 222.90 , 222.90 ,19-03-2020," 1,101.00 "," 1,133.55 "," 1,031.00 "," 1,083.90 ",19-03-2020," 2,042.00 "," 2,148.55 "," 1,817.95 "," 1,903.25 ",19-03-2020, 178.45 , 178.45 , 178.45 , 178.45 
20-03-2020, 142.40 , 142.40 , 138.40 , 142.35 ,20-03-2020, 211.80 , 234.00 , 211.80 , 230.55 ,20-03-2020," 1,095.00 "," 1,300.65 "," 1,090.00 "," 1,254.05 ",20-03-2020," 1,999.00 "," 2,283.90 "," 1,951.10 "," 2,283.90 ",20-03-2020, 175.15 , 187.35 , 169.55 , 170.55 
23-03-2020, 135.25 , 138.95 , 135.25 , 135.25 ,23-03-2020, 219.05 , 219.50 , 219.05 , 219.05 ,23-03-2020," 1,110.00 "," 1,244.95 "," 1,040.00 "," 1,099.55 ",23-03-2020," 1,890.00 "," 2,210.00 "," 1,890.00 "," 2,003.00 ",23-03-2020, 162.05 , 162.05 , 162.05 , 162.05 
24-03-2020, 128.50 , 141.80 , 128.50 , 141.30 ,24-03-2020, 208.10 , 230.00 , 208.10 , 229.85 ,24-03-2020," 1,137.00 "," 1,249.00 "," 1,115.00 "," 1,185.65 ",24-03-2020," 2,239.00 "," 2,280.00 "," 1,900.00 "," 2,098.20 ",24-03-2020, 158.00 , 166.00 , 153.95 , 153.95 
25-03-2020, 140.00 , 148.35 , 136.95 , 148.10 ,25-03-2020, 229.85 , 241.30 , 218.40 , 237.95 ,25-03-2020," 1,175.50 "," 1,269.00 "," 1,137.55 "," 1,198.25 ",25-03-2020," 2,105.00 "," 2,299.00 "," 2,105.00 "," 2,267.30 ",25-03-2020, 150.00 , 161.60 , 146.30 , 161.60 
26-03-2020, 154.00 , 155.40 , 144.25 , 152.10 ,26-03-2020, 243.00 , 249.00 , 228.95 , 245.00 ,26-03-2020," 1,225.00 "," 1,274.00 "," 1,151.10 "," 1,220.40 ",26-03-2020," 2,338.00 "," 2,625.00 "," 2,325.00 "," 2,460.85 ",26-03-2020, 169.50 , 169.65 , 161.70 , 169.65 
27-03-2020, 154.50 , 157.00 , 144.50 , 148.75 ,27-03-2020, 245.25 , 255.05 , 232.75 , 237.20 ,27-03-2020," 1,270.00 "," 1,295.00 "," 1,165.00 "," 1,182.25 ",27-03-2020," 2,551.10 "," 2,903.80 "," 2,380.10 "," 2,482.20 ",27-03-2020, 176.00 , 178.10 , 165.00 , 169.85 
30-03-2020, 142.10 , 148.30 , 141.35 , 146.95 ,30-03-2020, 226.10 , 247.00 , 225.35 , 225.35 ,30-03-2020," 1,125.00 "," 1,176.30 "," 1,121.00 "," 1,167.30 ",30-03-2020," 2,400.00 "," 2,482.00 "," 2,307.40 "," 2,370.05 ",30-03-2020, 162.00 , 176.95 , 161.40 , 174.10 
31-03-2020, 147.30 , 154.25 , 146.95 , 153.25 ,31-03-2020, 215.00 , 229.95 , 214.10 , 226.75 ,31-03-2020," 1,214.00 "," 1,214.80 "," 1,180.00 "," 1,203.30 ",31-03-2020," 2,439.60 "," 2,549.85 "," 2,412.00 "," 2,512.80 ",31-03-2020, 179.00 , 181.55 , 173.15 , 175.90 
01-04-2020, 155.50 , 159.00 , 151.00 , 152.90 ,01-04-2020, 216.00 , 238.00 , 215.45 , 225.00 ,01-04-2020," 1,245.00 "," 1,245.00 "," 1,109.55 "," 1,135.35 ",01-04-2020," 2,525.75 "," 2,545.00 "," 2,450.25 "," 2,497.70 ",01-04-2020, 177.50 , 184.65 , 174.40 , 184.65 
03-04-2020, 152.90 , 154.85 , 150.45 , 151.90 ,03-04-2020, 236.00 , 236.25 , 213.80 , 226.10 ,03-04-2020," 1,170.00 "," 1,179.95 "," 1,126.05 "," 1,157.05 ",03-04-2020," 2,484.95 "," 2,720.00 "," 2,300.00 "," 2,601.05 ",03-04-2020, 191.00 , 193.85 , 183.65 , 193.85 
07-04-2020, 153.50 , 159.45 , 151.55 , 158.95 ,07-04-2020, 226.10 , 236.50 , 214.80 , 224.35 ,07-04-2020," 1,200.00 "," 1,243.00 "," 1,175.00 "," 1,232.45 ",07-04-2020," 2,754.90 "," 2,887.00 "," 2,552.20 "," 2,704.80 ",07-04-2020, 203.50 , 203.50 , 203.50 , 203.50 
08-04-2020, 166.85 , 166.85 , 162.00 , 166.45 ,08-04-2020, 224.35 , 235.55 , 213.25 , 234.70 ,08-04-2020," 1,236.60 "," 1,398.00 "," 1,222.20 "," 1,334.05 ",08-04-2020," 2,704.80 "," 2,785.00 "," 2,650.00 "," 2,699.45 ",08-04-2020, 213.65 , 213.65 , 213.65 , 213.65 
09-04-2020, 172.40 , 174.75 , 166.25 , 174.75 ,09-04-2020, 230.00 , 246.00 , 230.00 , 245.25 ,09-04-2020," 1,397.00 "," 1,445.00 "," 1,375.40 "," 1,402.05 ",09-04-2020," 2,810.60 "," 2,865.00 "," 2,748.85 "," 2,779.60 ",09-04-2020, 230.00 , 256.35 , 227.50 , 256.35 
13-04-2020, 180.00 , 183.45 , 167.05 , 183.35 ,13-04-2020, 257.00 , 257.00 , 233.00 , 252.90 ,13-04-2020," 1,423.00 "," 1,432.45 "," 1,335.00 "," 1,350.95 ",13-04-2020," 2,780.10 "," 2,789.90 "," 2,650.55 "," 2,734.90 ",13-04-2020, 286.80 , 295.00 , 270.55 , 280.20 
15-04-2020, 188.00 , 190.95 , 184.00 , 187.80 ,15-04-2020, 247.00 , 262.00 , 240.85 , 247.75 ,15-04-2020," 1,380.00 "," 1,404.10 "," 1,331.10 "," 1,360.60 ",15-04-2020," 2,760.00 "," 2,799.95 "," 2,706.25 "," 2,747.80 ",15-04-2020, 281.40 , 287.00 , 230.20 , 257.90 
16-04-2020, 182.30 , 195.00 , 182.30 , 193.85 ,16-04-2020, 249.95 , 260.10 , 249.95 , 260.10 ,16-04-2020," 1,360.60 "," 1,419.90 "," 1,343.60 "," 1,400.70 ",16-04-2020," 2,707.00 "," 2,850.00 "," 2,701.10 "," 2,818.10 ",16-04-2020, 260.00 , 270.00 , 259.95 , 263.25 
17-04-2020, 199.00 , 201.00 , 197.00 , 198.95 ,17-04-2020, 270.00 , 273.10 , 250.00 , 272.90 ,17-04-2020," 1,440.00 "," 1,547.00 "," 1,401.80 "," 1,533.60 ",17-04-2020," 2,900.00 "," 3,130.00 "," 2,862.00 "," 3,080.85 ",17-04-2020, 269.50 , 274.80 , 260.05 , 261.45 
20-04-2020, 200.05 , 204.90 , 197.00 , 200.75 ,20-04-2020, 284.90 , 286.50 , 272.90 , 284.05 ,20-04-2020," 1,565.00 "," 1,579.00 "," 1,534.05 "," 1,545.30 ",20-04-2020," 3,219.30 "," 3,527.00 "," 3,211.50 "," 3,399.30 ",20-04-2020, 273.00 , 273.00 , 260.35 , 261.80 
21-04-2020, 191.00 , 195.90 , 190.75 , 191.30 ,21-04-2020, 287.00 , 287.00 , 269.85 , 274.00 ,21-04-2020," 1,515.00 "," 1,515.00 "," 1,451.00 "," 1,456.25 ",21-04-2020," 3,279.00 "," 3,465.00 "," 3,269.90 "," 3,422.05 ",21-04-2020, 240.20 , 275.00 , 240.20 , 262.20 
22-04-2020, 191.20 , 198.00 , 184.75 , 197.20 ,22-04-2020, 274.00 , 274.00 , 260.30 , 263.05 ,22-04-2020," 1,456.00 "," 1,747.50 "," 1,430.40 "," 1,740.25 ",22-04-2020," 3,474.00 "," 3,777.70 "," 3,426.00 "," 3,737.40 ",22-04-2020, 264.80 , 269.00 , 260.05 , 261.60 
23-04-2020, 202.80 , 202.80 , 196.00 , 200.00 ,23-04-2020, 268.00 , 274.00 , 264.00 , 266.30 ,23-04-2020," 1,759.90 "," 1,819.95 "," 1,628.00 "," 1,691.50 ",23-04-2020," 3,840.00 "," 4,090.00 "," 3,303.95 "," 3,713.40 ",23-04-2020, 266.25 , 287.00 , 265.05 , 274.10 
24-04-2020, 199.10 , 199.10 , 194.90 , 195.95 ,24-04-2020, 266.00 , 273.95 , 253.05 , 255.60 ,24-04-2020," 1,684.90 "," 1,721.45 "," 1,590.00 "," 1,654.85 ",24-04-2020," 3,640.00 "," 3,682.00 "," 3,450.50 "," 3,509.50 ",24-04-2020, 272.05 , 284.90 , 269.55 , 273.55 
27-04-2020, 193.00 , 201.00 , 192.00 , 200.65 ,27-04-2020, 244.85 , 260.00 , 244.85 , 255.00 ,27-04-2020," 1,675.00 "," 1,950.00 "," 1,662.25 "," 1,921.90 ",27-04-2020," 3,640.00 "," 3,735.00 "," 3,510.00 "," 3,552.00 ",27-04-2020, 278.00 , 283.00 , 273.60 , 275.05 
28-04-2020, 201.00 , 204.65 , 198.10 , 203.65 ,28-04-2020, 245.50 , 255.00 , 242.25 , 244.85 ,28-04-2020," 1,950.00 "," 1,999.90 "," 1,836.00 "," 1,871.60 ",28-04-2020," 3,634.00 "," 3,700.00 "," 3,552.00 "," 3,566.95 ",28-04-2020, 280.00 , 304.50 , 278.00 , 299.30 
29-04-2020, 205.00 , 209.40 , 202.35 , 207.95 ,29-04-2020, 245.00 , 254.00 , 238.00 , 253.25 ,29-04-2020," 1,893.00 "," 1,930.05 "," 1,830.00 "," 1,897.50 ",29-04-2020," 3,620.00 "," 3,620.00 "," 3,480.00 "," 3,541.10 ",29-04-2020, 312.00 , 322.00 , 301.25 , 303.90 
30-04-2020, 211.10 , 212.85 , 208.00 , 210.45 ,30-04-2020, 246.00 , 255.00 , 246.00 , 251.00 ,30-04-2020," 1,919.00 "," 1,930.00 "," 1,775.90 "," 1,790.00 ",30-04-2020," 3,600.00 "," 3,630.00 "," 3,480.00 "," 3,494.10 ",30-04-2020, 307.95 , 311.00 , 286.00 , 289.25 
04-05-2020, 199.95 , 218.00 , 199.95 , 209.55 ,04-05-2020, 245.00 , 251.85 , 238.45 , 238.45 ,04-05-2020," 1,770.00 "," 1,920.00 "," 1,661.10 "," 1,775.65 ",04-05-2020," 3,395.00 "," 3,574.55 "," 3,310.00 "," 3,514.90 ",04-05-2020, 280.00 , 310.95 , 271.30 , 304.30 
05-05-2020, 215.00 , 216.00 , 209.05 , 210.80 ,05-05-2020, 245.00 , 250.35 , 226.55 , 248.90 ,05-05-2020," 1,815.00 "," 1,888.45 "," 1,768.00 "," 1,792.85 ",05-05-2020," 3,599.00 "," 3,630.00 "," 3,503.40 "," 3,527.00 ",05-05-2020, 310.25 , 318.80 , 302.40 , 306.40 
06-05-2020, 211.00 , 214.20 , 205.30 , 211.85 ,06-05-2020, 237.00 , 260.00 , 237.00 , 249.25 ,06-05-2020," 1,815.00 "," 1,850.00 "," 1,777.55 "," 1,804.20 ",06-05-2020," 3,550.00 "," 3,574.75 "," 3,450.00 "," 3,479.90 ",06-05-2020, 307.90 , 311.85 , 300.80 , 304.35 
07-05-2020, 207.45 , 213.00 , 206.50 , 210.55 ,07-05-2020, 241.00 , 250.50 , 241.00 , 250.50 ,07-05-2020," 1,824.00 "," 1,830.00 "," 1,736.20 "," 1,754.00 ",07-05-2020," 3,480.00 "," 3,540.00 "," 3,440.00 "," 3,477.65 ",07-05-2020, 309.10 , 348.70 , 307.60 , 330.25 
08-05-2020, 211.00 , 213.50 , 208.00 , 212.25 ,08-05-2020, 241.00 , 259.90 , 241.00 , 254.95 ,08-05-2020," 1,787.95 "," 1,787.95 "," 1,738.00 "," 1,760.55 ",08-05-2020," 3,500.00 "," 3,649.00 "," 3,475.00 "," 3,558.60 ",08-05-2020, 333.00 , 340.00 , 322.10 , 327.00 
11-05-2020, 214.85 , 222.85 , 211.00 , 222.60 ,11-05-2020, 254.95 , 254.95 , 245.00 , 249.30 ,11-05-2020," 1,769.00 "," 1,845.00 "," 1,763.25 "," 1,770.65 ",11-05-2020," 3,600.00 "," 3,680.00 "," 3,599.95 "," 3,630.30 ",11-05-2020, 330.90 , 338.00 , 326.00 , 330.35 
12-05-2020, 222.00 , 229.90 , 219.10 , 226.05 ,12-05-2020, 250.00 , 255.00 , 242.05 , 245.50 ,12-05-2020," 1,779.00 "," 1,850.00 "," 1,731.00 "," 1,773.70 ",12-05-2020," 3,666.95 "," 3,666.95 "," 3,532.55 "," 3,575.85 ",12-05-2020, 331.55 , 368.80 , 330.45 , 363.45 
13-05-2020, 233.00 , 235.95 , 228.00 , 231.00 ,13-05-2020, 250.00 , 250.00 , 246.00 , 246.05 ,13-05-2020," 1,799.00 "," 1,820.00 "," 1,750.05 "," 1,762.25 ",13-05-2020," 3,698.00 "," 3,698.00 "," 3,590.00 "," 3,660.20 ",13-05-2020, 383.00 , 389.90 , 365.20 , 385.85 
14-05-2020, 229.40 , 232.80 , 220.55 , 228.55 ,14-05-2020, 255.00 , 255.00 , 240.00 , 249.55 ,14-05-2020," 1,768.00 "," 1,777.10 "," 1,690.10 "," 1,706.65 ",14-05-2020," 3,640.00 "," 3,650.00 "," 3,594.05 "," 3,613.45 ",14-05-2020, 382.45 , 404.80 , 368.00 , 388.10 
15-05-2020, 228.60 , 231.50 , 225.70 , 230.25 ,15-05-2020, 245.00 , 249.00 , 245.00 , 249.00 ,15-05-2020," 1,710.10 "," 1,807.50 "," 1,691.00 "," 1,763.05 ",15-05-2020," 3,630.70 "," 3,645.00 "," 3,580.05 "," 3,619.60 ",15-05-2020, 388.90 , 396.50 , 380.15 , 382.40 
18-05-2020, 229.00 , 235.00 , 218.75 , 229.25 ,18-05-2020, 249.00 , 249.00 , 237.00 , 242.30 ,18-05-2020," 1,799.95 "," 1,804.90 "," 1,675.85 "," 1,709.45 ",18-05-2020," 3,621.00 "," 3,655.00 "," 3,461.10 "," 3,490.65 ",18-05-2020, 382.50 , 385.70 , 365.00 , 368.30 
19-05-2020, 230.00 , 235.05 , 230.00 , 233.65 ,19-05-2020, 245.00 , 249.80 , 234.10 , 249.80 ,19-05-2020," 1,720.00 "," 1,735.00 "," 1,685.00 "," 1,721.55 ",19-05-2020," 3,540.00 "," 3,548.95 "," 3,470.75 "," 3,498.35 ",19-05-2020, 371.90 , 384.00 , 368.30 , 372.30 
20-05-2020, 231.00 , 235.50 , 227.00 , 234.70 ,20-05-2020, 250.00 , 255.00 , 237.50 , 241.45 ,20-05-2020," 1,740.00 "," 1,774.65 "," 1,730.15 "," 1,750.50 ",20-05-2020," 3,500.00 "," 3,539.95 "," 3,476.65 "," 3,511.75 ",20-05-2020, 375.35 , 393.00 , 373.00 , 387.75 
21-05-2020, 233.95 , 244.35 , 233.00 , 235.10 ,21-05-2020, 242.00 , 249.00 , 238.50 , 240.30 ,21-05-2020," 1,768.95 "," 1,850.00 "," 1,753.45 "," 1,809.75 ",21-05-2020," 3,520.00 "," 3,850.00 "," 3,520.00 "," 3,795.20 ",21-05-2020, 391.55 , 409.55 , 391.50 , 401.70 
22-05-2020, 237.00 , 242.00 , 232.00 , 239.65 ,22-05-2020, 230.00 , 248.50 , 230.00 , 238.80 ,22-05-2020," 1,830.00 "," 1,868.00 "," 1,790.00 "," 1,807.80 ",22-05-2020," 3,809.00 "," 3,980.20 "," 3,800.00 "," 3,887.05 ",22-05-2020, 400.40 , 409.00 , 397.20 , 401.90 
